Date,Year,T&M Count,T&M Value,T&M Count - Cumulative,T&M Value - Cumulative,OTC Count,OTC Value,Add-on Value,OTC + Add-on Value,OTC Count - Cumulative,OTC Value - Cumulative,Add-on Value - Cumulative,OTC + Add-on Value - Cumulative,T&M + OTC Count,T&M + OTC Value,T&M + OTC Count - Cumulative,T&M + OTC Value - Cumulative,T&M + OTC + Add-on Value,T&M + OTC + Add-on Value - Cumlative
1/1-1/7,2017,0,0,0,0,0,0.00,659.00,659.00,0,0,659.00,659,0,0.00,0,0,659.00,659.00
1/8-1/14,2017,1,975,1,975,0,0.00,610.00,610.00,0,0,1269,1269,1,975.00,1,975,1585.00,2244.00
1/15-1/21,2017,0,0,1,975,0,0.00,2116.00,2116.00,0,0,3385,3385,0,0.00,1,975,2116.00,4360.00
1/22-1/28,2017,0,0,1,975,0,0.00,4668.00,4668.00,0,0,8053,8053,0,0.00,1,975,4668.00,9028.00
1/29 - 2/4,2017,0,0,1,975,0,0.00,283.00,283.00,0,0,8336,8336,0,0.00,1,975,283.00,9311.00
2/5-2/11,2017,0,0,1,975,0,0.00,917.00,917.00,0,0,9253,9253,0,0.00,1,975,917.00,10228.00
2/12-2/18,2017,1,2030,2,3005,1,675.00,3020.50,3695.50,1,675,12273.5,12948.5,2,2705.00,3,3680,5725.50,15953.50
2/19-2/25,2017,0,0,2,3005,0,0.00,330.00,330.00,1,675,12603.5,13278.5,0,0.00,3,3680,330.00,16283.50
2/26-3/4,2017,2,2121,4,5126,4,1683.00,3382.00,5065.00,5,2358,15985.5,18343.5,6,3804.00,9,7484,7186.00,23469.50
3/5-3/11,2017,6,7802,10,12928,0,0.00,145.00,145.00,5,2358,16130.5,18488.5,6,7802.00,15,15286,7947.00,31416.50
3/12-3/18,2017,1,742,11,13670,1,360.00,1469.00,1829.00,6,2718,17599.5,20317.5,2,1102.00,17,16388,2571.00,33987.50
3/19-3/25,2017,2,2457,13,16127,2,660.00,1500.50,2160.50,8,3378,19100,22478,4,3117.00,21,19505,4617.50,38605.00
3/26-4/1,2017,10,12288,23,28415,2,700.00,1984.00,2684.00,10,4078,21084,25162,12,12988.00,33,32493,14972.00,53577.00
4/2-4/8,2017,14,14364,37,42779,1,360.00,5.00,365.00,11,4438,21089,25527,15,14724.00,48,47217,14729.00,68306.00
4/9-4/15,2017,31,34189,68,76968,5,4373.00,-21.00,4352.00,16,8811,21068,29879,36,38562.00,84,85779,38541.00,106847.00
4/16-4/22,2017,19,16393,87,93361,7,5775.00,10193.00,15968.00,23,14586,31261,45847,26,22168.00,110,107947,32361.00,139208.00
4/23-4/29,2017,34,32579,121,125940,13,4695.00,12218.00,16913.00,36,19281,43479,62760,47,37274.00,157,145221,49492.00,188700.00
4/30-5/6,2017,54,54077,175,180017,26,12446.00,21076.00,33522.00,62,31727,64555,96282,80,66523.00,237,211744,87599.00,276299.00
5/7-5/13,2017,65,57721,240,237738,8,3060.00,9265.00,12325.00,70,34787,73820,108607,73,60781.00,310,272525,70046.00,346345.00
5/14-5/20,2017,54,49423,294,287161,11,8987.00,12119.25,21106.25,81,43774,85939.25,129713.25,65,58410.00,375,330935,70529.25,416874.25
5/21-5/27,2017,49,42701,343,329862,5,2055.00,4911.00,6966.00,86,45829,90850.25,136679.25,54,44756.00,429,375691,49667.00,466541.25
5/28-6/3,2017,46,35376,389,365238,7,3560.00,6921.00,10481.00,93,49389,97771.25,147160.25,53,38936.00,482,414627,45857.00,512398.25
6/4-6/10,2017,34,27327,423,392565,3,975.00,298.00,1273.00,96,50364,98069.25,148433.25,37,28302.00,519,442929,28600.00,540998.25
6/11-6/17,2017,45,32172,468,424737,5,2188.00,1421.00,3609.00,101,52552,99490.25,152042.25,50,34360.00,569,477289,35781.00,576779.25
6/18-6/24,2017,26,17957,494,442694,3,1125.00,2275.00,3400.00,104,53677,101765.25,155442.25,29,19082.00,598,496371,21357.00,598136.25
6/25-7/1,2017,19,13397.5,513,456091.5,0,0.00,765.00,765.00,104,53677,102530.25,156207.25,19,13397.50,617,509768.5,14162.50,612298.75
7/2-7/8,2017,11,7649,524,463740.5,3,1027.00,2195.00,3222.00,107,54704,104725.25,159429.25,14,8676.00,631,518444.5,10871.00,623169.75
7/9-7/15,2017,14,8880,538,472620.5,2,2400.00,4477.00,6877.00,109,57104,109202.25,166306.25,16,11280.00,647,529724.5,15757.00,638926.75
7/16-7/22,2017,6,3694,544,476314.5,2,1080.00,1329.00,2409.00,111,58184,110531.25,168715.25,8,4774.00,655,534498.5,6103.00,645029.75
7/23-7/29,2017,5,2886,549,479200.5,0,0.00,1752.00,1752.00,111,58184,112283.25,170467.25,5,2886.00,660,537384.5,4638.00,649667.75
7/30-8/5,2017,5,2605,554,481805.5,1,270.00,45.00,315.00,112,58454,112328.25,170782.25,6,2875.00,666,540259.5,2920.00,652587.75
8/6-8/12,2017,2,695,556,482500.5,1,390.00,1515.00,1905.00,113,58844,113843.25,172687.25,3,1085.00,669,541344.5,2600.00,655187.75
8/13-8/19,2017,3,1516,559,484016.5,2,1176.00,2416.00,3592.00,115,60020,116259.25,176279.25,5,2692.00,674,544036.5,5108.00,660295.75
8/20-8/26,2017,1,320,560,484336.5,4,2270.00,6607.00,8877.00,119,62290,122866.25,185156.25,5,2590.00,679,546626.5,9197.00,669492.75
8/27-9/2,2017,3,1563,563,485899.5,0,0.00,4483.00,4483.00,119,62290,127349.25,189639.25,3,1563.00,682,548189.5,6046.00,675538.75
9/3-9/9,2017,0,0,563,485899.5,1,287.00,588.00,875.00,120,62577,127937.25,190514.25,1,287.00,683,548476.5,875.00,676413.75
9/10-9/16,2017,1,625,564,486524.5,4,4140.00,9960.00,14100.00,124,66717,137897.25,204614.25,5,4765.00,688,553241.5,14725.00,691138.75
9/17-9/23,2017,0,0,564,486524.5,0,0.00,80.00,80.00,124,66717,137977.25,204694.25,0,0.00,688,553241.5,80.00,691218.75
9/24-9/30,2017,0,0,564,486524.5,0,0.00,1380.00,1380.00,124,66717,139357.25,206074.25,0,0.00,688,553241.5,1380.00,692598.75
10/1-10/7,2017,2,546,566,487070.5,1,375.00,4960.00,5335.00,125,67092,144317.25,211409.25,3,921.00,691,554162.5,5881.00,698479.75
10/8-10/14,2017,1,380,567,487450.5,0,0.00,95.00,95.00,125,67092,144412.25,211504.25,1,380.00,692,554542.5,475.00,698954.75
10/15-10/21,2017,2,567,569,488017.5,2,800.00,20755.00,21555.00,127,67892,165167.25,233059.25,4,1367.00,696,555909.5,22122.00,721076.75
10/22-10/28,2017,3,631,572,488648.5,1,525.00,3505.59,4030.59,128,68417,168672.84,237089.84,4,1156.00,700,557065.5,4661.59,725738.34
10/29-11/4,2017,1,320,573,488968.5,0,0.00,6689.00,6689.00,128,68417,175361.84,243778.84,1,320.00,701,557385.5,7009.00,732747.34
11/5-11/11,2017,1,120,574,489088.5,0,0.00,1830.00,1830.00,128,68417,177191.84,245608.84,1,120.00,702,557505.5,1950.00,734697.34
11/12-11/18,2017,1,208,575,489296.5,1,375.00,110.00,485.00,129,68792,177301.84,246093.84,2,583.00,704,558088.5,693.00,735390.34
11/19-11/25,2017,0,0,575,489296.5,0,0.00,65.00,65.00,129,68792,177366.84,246158.84,0,0.00,704,558088.5,65.00,735455.34
11/26-12/2,2017,0,0,575,489296.5,0,0.00,11550.00,11550.00,129,68792,188916.84,257708.84,0,0.00,704,558088.5,11550.00,747005.34
12/3-12/9,2017,0,0,575,489296.5,0,0.00,0.00,0.00,129,68792,188916.84,257708.84,0,0.00,704,558088.5,0.00,747005.34
12/10-12/16,2017,0,0,575,489296.5,0,0.00,0.00,0.00,129,68792,188916.84,257708.84,0,0.00,704,558088.5,0.00,747005.34
12/17-12/23,2017,0,0,575,489296.5,0,0.00,0.00,0.00,129,68792,188916.84,257708.84,0,0.00,704,558088.5,0.00,747005.34
12/24-12/31,2017,0,0,575,489296.5,0,0.00,0.00,0.00,129,68792,188916.84,257708.84,0,0.00,704,558088.5,0.00,747005.34
1/1-1/7,2018,0,0,0,0,0,0.00,0.00,0.00,0,0,0,0,0,0.00,0,0,0.00,0.00
1/8-1/14,2018,0,0,0,0,0,0.00,0.00,0.00,0,0,0,0,0,0.00,0,0,0.00,0.00
1/15-1/21,2018,0,0,0,0,0,0.00,0.00,0.00,0,0,0,0,0,0.00,0,0,0.00,0.00
1/22-1/28,2018,0,0,0,0,0,0.00,0.00,0.00,0,0,0,0,0,0.00,0,0,0.00,0.00
1/29 - 2/4,2018,0,0,0,0,0,0.00,0.00,0.00,0,0,0,0,0,0.00,0,0,0.00,0.00
2/5-2/11,2018,0,0,0,0,0,0.00,0.00,0.00,0,0,0,0,0,0.00,0,0,0.00,0.00
2/12-2/18,2018,0,0,0,0,0,0.00,0.00,0.00,0,0,0,0,0,0.00,0,0,0.00,0.00
2/19-2/25,2018,0,0,0,0,0,0.00,0.00,0.00,0,0,0,0,0,0.00,0,0,0.00,0.00
2/26-3/4,2018,3,3203,3,3203,1,360.00,743.00,1103.00,1,360,743,1103,4,3563.00,4,3563,4306.00,4306.00
3/5-3/11,2018,2,1235,5,4438,1,360.00,1143.00,1503.00,2,720,1886,2606,3,1595.00,7,5158,2738.00,7044.00
3/12-3/18,2018,1,900,6,5338,2,1470.00,3304.00,4774.00,4,2190,5190,7380,3,2370.00,10,7528,5674.00,12718.00
3/19-3/25,2018,0,0,6,5338,0,0.00,2715.00,2715.00,4,2190,7905,10095,0,0.00,10,7528,2715.00,15433.00
3/26-4/1,2018,4,3220,10,8558,0,0.00,0.00,0.00,4,2190,7905,10095,4,3220.00,14,10748,3220.00,18653.00
4/2-4/8,2018,7,5599,17,14157,4,2390.00,2841.00,5231.00,8,4580,10746,15326,11,7989.00,25,18737,10830.00,29483.00
4/9-4/15,2018,9,9930,26,24087,0,0.00,0.00,0.00,8,4580,10746,15326,9,9930.00,34,28667,9930.00,39413.00
4/16-4/22,2018,11,18332,37,42419,3,3075.00,35005.00,38080.00,11,7655,45751,53406,14,21407.00,48,50074,56412.00,95825.00
4/23-4/29,2018,23,21177,60,63596,16,17890.00,80052.00,97942.00,27,25545,125803,151348,39,39067.00,87,89141,119119.00,214944.00
4/30-5/6,2018,29,37502,89,101098,11,6829.00,106471.50,113300.50,38,32374,232274.5,264648.5,40,44331.00,127,133472,150802.50,365746.50
5/7-5/13,2018,47,45779,136,146877,8,3013.00,46715.90,49728.90,46,35387,278990.4,314377.4,55,48792.00,182,182264,95507.90,461254.40
5/14-5/20,2018,55,51403,191,198280,7,5650.00,56141.00,61791.00,53,41037,335131.4,376168.4,62,57053.00,244,239317,113194.00,574448.40
5/21-5/27,2018,55,51893,246,250173,2,417.00,8149.00,8566.00,55,41454,343280.4,384734.4,57,52310.00,301,291627,60459.00,634907.40
5/28-6/3,2018,30,19064,276,269237,1,650.00,2380.00,3030.00,56,42104,345660.4,387764.4,31,19714.00,332,311341,22094.00,657001.40
6/4-6/10,2018,32,27654,308,296891,5,4105.00,5466.00,9571.00,61,46209,351126.4,397335.4,37,31759.00,369,343100,37225.00,694226.40
6/11-6/17,2018,19,13622,327,310513,3,745.00,23091.00,23836.00,64,46954,374217.4,421171.4,22,14367.00,391,357467,37458.00,731684.40
6/18-6/24,2018,21,13313,348,323826,1,455.00,12464.00,12919.00,65,47409,386681.4,434090.4,22,13768.00,413,371235,26232.00,757916.40
6/25-7/1,2018,10,5695,358,329521,2,775.00,19115.00,19890.00,67,48184,405796.4,453980.4,12,6470.00,425,377705,25585.00,783501.40
7/2-7/8,2018,8,4762,366,334283,3,1220.00,6806.00,8026.00,70,49404,412602.4,462006.4,11,5982.00,436,383687,12788.00,796289.40
7/9-7/15,2018,7,4150,373,338433,0,0.00,2215.00,2215.00,70,49404,414817.4,464221.4,7,4150.00,443,387837,6365.00,802654.40
7/16-7/22,2018,5,3295,378,341728,0,0.00,1048.00,1048.00,70,49404,415865.4,465269.4,5,3295.00,448,391132,4343.00,806997.40
7/23-7/29,2018,4,2980,382,344708,1,90.00,1273.00,1363.00,71,49494,417138.4,466632.4,5,3070.00,453,394202,4343.00,811340.40
7/30-8/5,2018,7,5074,389,349782,1,650.00,3126.00,3776.00,72,50144,420264.4,470408.4,8,5724.00,461,399926,8850.00,820190.40
8/6-8/12,2018,5,1741,394,351523,0,0.00,172.00,172.00,72,50144,420436.4,470580.4,5,1741.00,466,401667,1913.00,822103.40
8/13-8/19,2018,3,1250,397,352773,1,225.00,369.00,594.00,73,50369,420805.4,471174.4,4,1475.00,470,403142,1844.00,823947.40
8/20-8/26,2018,1,350,398,353123,1,240.00,1400.00,1640.00,74,50609,422205.4,472814.4,2,590.00,472,403732,1990.00,825937.40
8/27-9/2,2018,6,1621,404,354744,1,200.00,2030.00,2230.00,75,50809,424235.4,475044.4,7,1821.00,479,405553,3851.00,829788.40
9/3-9/9,2018,3,1465,407,356209,2,780.00,3601.00,4381.00,77,51589,427836.4,479425.4,5,2245.00,484,407798,5846.00,835634.40
9/10-9/16,2018,0,0,407,356209,2,605.00,2182.40,2787.40,79,52194,430018.8,482212.8,2,605.00,486,408403,2787.40,838421.80
9/17-9/23,2018,1,375,408,356584,1,390.00,1029.00,1419.00,80,52584,431047.8,483631.8,2,765.00,488,409168,1794.00,840215.80
9/24-9/30,2018,0,0,408,356584,7,2587.00,4673.00,7260.00,87,55171,435720.8,490891.8,7,2587.00,495,411755,7260.00,847475.80
10/1-10/7,2018,1,256,409,356840,3,1660.00,5155.00,6815.00,90,56831,440875.8,497706.8,4,1916.00,499,413671,7071.00,854546.80
10/8-10/14,2018,0,0,409,356840,2,760.00,2569.00,3329.00,92,57591,443444.8,501035.8,2,760.00,501,414431,3329.00,857875.80
10/15-10/21,2018,0,0,409,356840,3,3560.00,1040.00,4600.00,95,61151,444484.8,505635.8,3,3560.00,504,417991,4600.00,862475.80
10/22-10/28,2018,0,0,409,356840,0,0.00,0.00,0.00,95,61151,444484.8,505635.8,0,0.00,504,417991,0.00,862475.80
10/29-11/4,2018,0,0,409,356840,0,0.00,99.00,99.00,95,61151,444583.8,505734.8,0,0.00,504,417991,99.00,862574.80
11/5-11/11,2018,1,240,410,357080,0,0.00,0.00,0.00,95,61151,444583.8,505734.8,1,240.00,505,418231,240.00,862814.80
11/12-11/18,2018,0,0,410,357080,0,0.00,0.00,0.00,95,61151,444583.8,505734.8,0,0.00,505,418231,0.00,862814.80
11/19-11/25,2018,0,0,410,357080,0,0.00,0.00,0.00,95,61151,444583.8,505734.8,0,0.00,505,418231,0.00,862814.80
11/26-12/2,2018,0,0,410,357080,0,0.00,300.00,300.00,95,61151,444883.8,506034.8,0,0.00,505,418231,300.00,863114.80
12/3-12/9,2018,0,0,410,357080,0,0.00,3120.00,3120.00,95,61151,448003.8,509154.8,0,0.00,505,418231,3120.00,866234.80
12/10-12/16,2018,0,0,410,357080,0,0.00,0.00,0.00,95,61151,448003.8,509154.8,0,0.00,505,418231,0.00,866234.80
12/17-12/23,2018,0,0,410,357080,0,0.00,0.00,0.00,95,61151,448003.8,509154.8,0,0.00,505,418231,0.00,866234.80
12/24-12/31,2018,0,0,410,357080,0,0.00,0.00,0.00,95,61151,448003.8,509154.8,0,0.00,505,418231,0.00,866234.80
1/1-1/7,2019,0,0,0,0,0,0.00,23522.00,23522.00,0,0,23522,23522,0,0.00,0,0,23522.00,23522.00
1/8-1/14,2019,0,0,0,0,0,0.00,28613.00,28613.00,0,0,52135,52135,0,0.00,0,0,28613.00,52135.00
1/15-1/21,2019,0,0,0,0,0,0.00,2243.00,2243.00,0,0,54378,54378,0,0.00,0,0,2243.00,54378.00
1/22-1/28,2019,0,0,0,0,1,390.00,5987.20,6377.20,1,390,60365.2,60755.2,1,390.00,1,390,6377.20,60755.20
1/29 - 2/4,2019,1,800,1,800,0,0.00,2909.00,2909.00,1,390,63274.2,63664.2,1,800.00,2,1190,3709.00,64464.20
2/5-2/11,2019,1,1140,2,1940,0,0.00,3870.00,3870.00,1,390,67144.2,67534.2,1,1140.00,3,2330,5010.00,69474.20
2/12-2/18,2019,1,640,3,2580,0,0.00,2098.00,2098.00,1,390,69242.2,69632.2,1,640.00,4,2970,2738.00,72212.20
2/19-2/25,2019,4,4875,7,7455,1,225.00,3191.00,3416.00,2,615,72433.2,73048.2,5,5100.00,9,8070,8291.00,80503.20
2/26-3/4,2019,1,1020,8,8475,0,0.00,663.00,663.00,2,615,73096.2,73711.2,1,1020.00,10,9090,1683.00,82186.20
3/5-3/11,2019,3,2919,11,11394,2,505.00,775.00,1280.00,4,1120,73871.2,74991.2,5,3424.00,15,12514,4199.00,86385.20
3/12-3/18,2019,4,4226,15,15620,7,3375.00,8137.00,11512.00,11,4495,82008.2,86503.2,11,7601.00,26,20115,15738.00,102123.20
3/19-3/25,2019,6,6825,21,22445,13,12310.00,15154.00,27464.00,24,16805,97162.2,113967.2,19,19135.00,45,39250,34289.00,136412.20
3/26-4/1,2019,17,21844,38,44289,18,6780.00,20261.00,27041.00,42,23585,117423.2,141008.2,35,28624.00,80,67874,48885.00,185297.20
4/2-4/8,2019,20,20989,58,65278,17,8710.00,20162.00,28872.00,59,32295,137585.2,169880.2,37,29699.00,117,97573,49861.00,235158.20
4/9-4/15,2019,28,42312,86,107590,15,9834.00,11937.00,21771.00,74,42129,149522.2,191651.2,43,52146.00,160,149719,64083.00,299241.20
4/16-4/22,2019,38,35767,124,143357,15,5150.00,14437.00,19587.00,89,47279,163959.2,211238.2,53,40917.00,213,190636,55354.00,354595.20
4/23-4/29,2019,28,26661,152,170018,11,5270.00,17224.00,22494.00,100,52549,181183.2,233732.2,39,31931.00,252,222567,49155.00,403750.20
4/30-5/6,2019,24,24651,176,194669,7,3364.00,11093.00,14457.00,107,55913,192276.2,248189.2,31,28015.00,283,250582,39108.00,442858.20
5/7-5/13,2019,31,31736,207,226405,11,4505.00,15457.80,19962.80,118,60418,207734,268152,42,36241.00,325,286823,51698.80,494557.00
5/14-5/20,2019,20,16240,227,242645,11,5875.00,15286.00,21161.00,129,66293,223020,289313,31,22115.00,356,308938,37401.00,531958.00
5/21-5/27,2019,19,15779,246,258424,7,3375.00,10968.00,14343.00,136,69668,233988,303656,26,19154.00,382,328092,30122.00,562080.00
5/28-6/3,2019,59,48805,305,307229,4,2830.00,14417.00,17247.00,140,72498,248405,320903,63,51635.00,445,379727,66052.00,628132.00
6/4-6/10,2019,54,41646,359,348875,4,990.00,9513.00,10503.00,144,73488,257918,331406,58,42636.00,503,422363,52149.00,680281.00
6/11-6/17,2019,34,23044,393,371919,6,1975.00,4635.00,6610.00,150,75463,262553,338016,40,25019.00,543,447382,29654.00,709935.00
6/18-6/24,2019,25,16546,418,388465,4,3915.00,11358.00,15273.00,154,79378,273911,353289,29,20461.00,572,467843,31819.00,741754.00
6/25-7/1,2019,20,13755,438,402220,4,1510.00,5924.00,7434.00,158,80888,279835,360723,24,15265.00,596,483108,21189.00,762943.00
7/2-7/8,2019,4,2374,442,404594,3,1200.00,6602.00,7802.00,161,82088,286437,368525,7,3574.00,603,486682,10176.00,773119.00
7/9-7/15,2019,17,9633,459,414227,8,3040.00,-1717.00,1323.00,169,85128,284720,369848,25,12673.00,628,499355,10956.00,784075.00
7/16-7/22,2019,10,6736,469,420963,4,1485.00,4373.50,5858.50,173,86613,289093.5,375706.5,14,8221.00,642,507576,12594.50,796669.50
7/23-7/29,2019,4,4030,473,424993,2,995.00,5460.00,6455.00,175,87608,294553.5,382161.5,6,5025.00,648,512601,10485.00,807154.50
7/30-8/5,2019,2,855,475,425848,0,0.00,8943.00,8943.00,175,87608,303496.5,391104.5,2,855.00,650,513456,9798.00,816952.50
8/6-8/12,2019,4,1042,479,426890,3,4070.00,-549.00,3521.00,178,91678,302947.5,394625.5,7,5112.00,657,518568,4563.00,821515.50
8/13-8/19,2019,10,5629,489,432519,1,800.00,4069.00,4869.00,179,92478,307016.5,399494.5,11,6429.00,668,524997,10498.00,832013.50
8/20-8/26,2019,3,684,492,433203,1,520.00,1473.00,1993.00,180,92998,308489.5,401487.5,4,1204.00,672,526201,2677.00,834690.50
8/27-9/2,2019,8,3370,500,436573,4,3400.00,4959.00,8359.00,184,96398,313448.5,409846.5,12,6770.00,684,532971,11729.00,846419.50
9/3-9/9,2019,14,10084,514,446657,3,1925.00,4813.00,6738.00,187,98323,318261.5,416584.5,17,12009.00,701,544980,16822.00,863241.50
9/10-9/16,2019,20,22535,534,469192,9,5275.00,1416.00,6691.00,196,103598,319677.5,423275.5,29,27810.00,730,572790,29226.00,892467.50
9/17-9/23,2019,0,0,534,469192,3,4245.00,8404.00,12649.00,199,107843,328081.5,435924.5,3,4245.00,733,577035,12649.00,905116.50
9/24-9/30,2019,6,7216,540,476408,6,2100.00,3245.00,5345.00,205,109943,331326.5,441269.5,12,9316.00,745,586351,12561.00,917677.50
10/1-10/7,2019,2,1172,542,477580,3,1285.00,2700.00,3985.00,208,111228,334026.5,445254.5,5,2457.00,750,588808,5157.00,922834.50
10/8-10/14,2019,0,0,542,477580,2,1240.00,1397.00,2637.00,210,112468,335423.5,447891.5,2,1240.00,752,590048,2637.00,925471.50
10/15-10/21,2019,0,0,542,477580,2,3245.00,1843.00,5088.00,212,115713,337266.5,452979.5,2,3245.00,754,593293,5088.00,930559.50
10/22-10/28,2019,1,1540,543,479120,2,1870.00,1150.00,3020.00,214,117583,338416.5,455999.5,3,3410.00,757,596703,4560.00,935119.50
10/29-11/4,2019,1,1800,544,480920,2,560.00,314.00,874.00,216,118143,338730.5,456873.5,3,2360.00,760,599063,2674.00,937793.50
11/5-11/11,2019,2,2940,546,483860,4,1825.00,701.00,2526.00,220,119968,339431.5,459399.5,6,4765.00,766,603828,5466.00,943259.50
11/12-11/18,2019,0,0,546,483860,4,5300.00,1949.00,7249.00,224,125268,341380.5,466648.5,4,5300.00,770,609128,7249.00,950508.50
11/19-11/25,2019,0,0,546,483860,0,0.00,132.00,132.00,224,125268,341512.5,466780.5,0,0.00,770,609128,132.00,950640.50
11/26-12/2,2019,0,0,546,483860,0,0.00,117.00,117.00,224,125268,341629.5,466897.5,0,0.00,770,609128,117.00,950757.50
12/3-12/9,2019,0,0,546,483860,0,0.00,220.00,220.00,224,125268,341849.5,467117.5,0,0.00,770,609128,220.00,950977.50
12/10-12/16,2019,0,0,546,483860,0,0.00,420.00,420.00,224,125268,342269.5,467537.5,0,0.00,770,609128,420.00,951397.50
12/17-12/23,2019,0,0,546,483860,0,0.00,680.00,680.00,224,125268,342949.5,468217.5,0,0.00,770,609128,680.00,952077.50
12/24-12/31,2019,0,0,546,483860,0,0.00,0.00,0.00,224,125268,342949.5,468217.5,0,0.00,770,609128,0.00,952077.50
1/1-1/7,2020,0,0,0,0,0,0.00,2640.00,2640.00,0,0,2640,2640,0,0.00,0,0,2640.00,2640.00
1/8-1/14,2020,4,3128,4,3128,2,790.00,6217.00,7007.00,2,790,8857,9647,6,3918.00,6,3918,10135.00,12775.00
1/15-1/21,2020,0,0,4,3128,0,0.00,8950.00,8950.00,2,790,17807,18597,0,0.00,6,3918,8950.00,21725.00
1/22-1/28,2020,1,869,5,3997,1,550.00,3253.00,3803.00,3,1340,21060,22400,2,1419.00,8,5337,4672.00,26397.00
1/29 - 2/4,2020,0,0,5,3997,1,280.00,2496.00,2776.00,4,1620,23556,25176,1,280.00,9,5617,2776.00,29173.00
2/5-2/11,2020,1,1068,6,5065,2,1105.00,2870.00,3975.00,6,2725,26426,29151,3,2173.00,12,7790,5043.00,34216.00
2/12-2/18,2020,2,2335,8,7400,2,640.00,2980.00,3620.00,8,3365,29406,32771,4,2975.00,16,10765,5955.00,40171.00
2/19-2/25,2020,6,7157,14,14557,0,0.00,392.00,392.00,8,3365,29798,33163,6,7157.00,22,17922,7549.00,47720.00
2/26-3/4,2020,10,11340,24,25897,7,3190.00,12027.00,15217.00,15,6555,41825,48380,17,14530.00,39,32452,26557.00,74277.00
3/5-3/11,2020,15,19764,39,45661,7,2455.00,5244.00,7699.00,22,9010,47069,56079,22,22219.00,61,54671,27463.00,101740.00
3/12-3/18,2020,13,15330,52,60991,8,3105.00,7155.00,10260.00,30,12115,54224,66339,21,18435.00,82,73106,25590.00,127330.00
3/19-3/25,2020,11,15734,63,76725,7,3189.00,6609.00,9798.00,37,15304,60833,76137,18,18923.00,100,92029,25532.00,152862.00
3/26-4/1,2020,22,27534,85,104259,18,9135.00,16829.00,25964.00,55,24439,77662,102101,40,36669.00,140,128698,53498.00,206360.00
4/2-4/8,2020,28,34500,113,138759,20,9315.00,32653.00,41968.00,75,33754,110315,144069,48,43815.00,188,172513,76468.00,282828.00
4/9-4/15,2020,34,38722,147,177481,12,6255.00,16576.00,22831.00,87,40009,126891,166900,46,44977.00,234,217490,61553.00,344381.00
4/16-4/22,2020,27,30275,174,207756,17,7535.00,17614.00,25149.00,104,47544,144505,192049,44,37810.00,278,255300,55424.00,399805.00
4/23-4/29,2020,31,39143,205,246899,12,5185.00,18870.00,24055.00,116,52729,163375,216104,43,44328.00,321,299628,63198.00,463003.00
4/30-5/6,2020,51,57738,256,304637,17,8390.00,20872.00,29262.00,133,61119,184247,245366,68,66128.00,389,365756,87000.00,550003.00
5/7-5/13,2020,43,48690,299,353327,15,7630.00,25347.00,32977.00,148,68749,209594,278343,58,56320.00,447,422076,81667.00,631670.00
5/14-5/20,2020,67,67580,366,420907,11,6240.00,15548.00,21788.00,159,74989,225142,300131,78,73820.00,525,495896,89368.00,721038.00
5/21-5/27,2020,70,65196,436,486103,10,3480.00,14350.00,17830.00,169,78469,239492,317961,80,68676.00,605,564572,83026.00,804064.00
5/28-6/3,2020,82,85428,518,571531,16,6900.00,15780.00,22680.00,185,85369,255272,340641,98,92328.00,703,656900,108108.00,912172.00
6/4-6/10,2020,60,60137,578,631668,9,3359.00,12826.00,16185.00,194,88728,268098,356826,69,63496.00,772,720396,76322.00,988494.00
6/11-6/17,2020,40,41765,618,673433,7,2620.00,20327.00,22947.00,201,91348,288425,379773,47,44385.00,819,764781,64712.00,1053206.00
6/18-6/24,2020,43,46380,661,719813,2,775.00,14047.00,14822.00,203,92123,302472,394595,45,47155.00,864,811936,61202.00,1114408.00
6/25-7/1,2020,26,27743,687,747556,3,1515.00,15063.00,16578.00,206,93638,317535,411173,29,29258.00,893,841194,44321.00,1158729.00
7/2-7/8,2020,15,14544,702,762100,5,2170.00,7644.00,9814.00,211,95808,325179,420987,20,16714.00,913,857908,24358.00,1183087.00
7/9-7/15,2020,34,34738,736,796838,3,3510.00,15606.00,19116.00,214,99318,340785,440103,37,38248.00,950,896156,53854.00,1236941.00
7/16-7/22,2020,14,7555,750,804393,8,1818.00,7338.00,9156.00,222,101136,348123,449259,22,9373.00,972,905529,16711.00,1253652.00
7/23-7/29,2020,21,23004,771,827397,4,1915.00,9482.00,11397.00,226,103051,357605,460656,25,24919.00,997,930448,34401.00,1288053.00
7/30-8/5,2020,11,10987,782,838384,6,2443.00,3350.00,5793.00,232,105494,360955,466449,17,13430.00,1014,943878,16780.00,1304833.00
8/6-8/12,2020,13,13185,795,851569,2,465.00,4822.00,5287.00,234,105959,365777,471736,15,13650.00,1029,957528,18472.00,1323305.00
8/13-8/19,2020,8,9165,803,860734,4,2535.00,10393.00,12928.00,238,108494,376170,484664,12,11700.00,1041,969228,22093.00,1345398.00
8/20-8/26,2020,5,6410,808,867144,2,1465.00,9680.00,11145.00,240,109959,385850,495809,7,7875.00,1048,977103,17555.00,1362953.00
8/27-9/2,2020,4,4735,812,871879,5,1765.00,8988.00,10753.00,245,111724,394838,506562,9,6500.00,1057,983603,15488.00,1378441.00
9/3-9/9,2020,3,3147,815,875026,4,2210.00,12656.00,14866.00,249,113934,407494,521428,7,5357.00,1064,988960,18013.00,1396454.00
9/10-9/16,2020,2,1925,817,876951,5,1710.00,6753.00,8463.00,254,115644,414247,529891,7,3635.00,1071,992595,10388.00,1406842.00
9/17-9/23,2020,1,1080,818,878031,10,4840.00,7755.00,12595.00,264,120484,422002,542486,11,5920.00,1082,998515,13675.00,1420517.00
9/24-9/30,2020,1,1500,819,879531,3,1015.00,5189.00,6204.00,267,121499,427191,548690,4,2515.00,1086,1001030,7704.00,1428221.00
10/1-10/7,2020,0,0,819,879531,10,5165.00,8716.00,13881.00,277,126664,435907,562571,10,5165.00,1096,1006195,13881.00,1442102.00
10/8-10/14,2020,2,3218,821,882749,4,1690.00,7627.00,9317.00,281,128354,443534,571888,6,4908.00,1102,1011103,12535.00,1454637.00
10/15-10/21,2020,4,4998,825,887747,1,320.00,100.00,420.00,282,128674,443634,572308,5,5318.00,1107,1016421,5418.00,1460055.00
10/22-10/28,2020,2,2800,827,890547,0,0.00,0.00,0.00,282,128674,443634,572308,2,2800.00,1109,1019221,2800.00,1462855.00
10/29-11/4,2020,0,0,827,890547,1,280.00,368.00,648.00,283,128954,444002,572956,1,280.00,1110,1019501,648.00,1463503.00
11/5-11/11,2020,4,2434,831,892981,5,2195.00,2875.00,5070.00,288,131149,446877,578026,9,4629.00,1119,1024130,7504.00,1471007.00
11/12-11/18,2020,1,1050,832,894031,1,320.00,1947.00,2267.00,289,131469,448824,580293,2,1370.00,1121,1025500,3317.00,1474324.00
11/19-11/25,2020,3,4271,835,898302,3,1225.00,7414.00,8639.00,292,132694,456238,588932,6,5496.00,1127,1030996,12910.00,1487234.00
11/26-12/2,2020,2,2940,837,901242,1,400.00,2809.00,3209.00,293,133094,459047,592141,3,3340.00,1130,1034336,6149.00,1493383.00
12/3-12/9,2020,1,980,838,902222,0,0.00,3803.00,3803.00,293,133094,462850,595944,1,980.00,1131,1035316,4783.00,1498166.00
12/10-12/16,2020,1,95,839,902317,0,0.00,1832.00,1832.00,293,133094,464682,597776,1,95.00,1132,1035411,1927.00,1500093.00
12/17-12/23,2020,0,0,839,902317,1,320.00,1158.00,1478.00,294,133414,465840,599254,1,320.00,1133,1035731,1478.00,1501571.00
12/24-12/31,2020,0,0,839,902317,0,0.00,2286.00,2286.00,294,133414,468126,601540,0,0.00,1133,1035731,2286.00,1503857.00
1/1-1/7,2021,3,3193,3,3193,3,1145.00,6449.00,7594.00,3,1145,6449,7594,6,4338.00,6,4338,10787.00,10787.00
1/8-1/14,2021,1,1666,4,4859,0,0.00,1683.00,1683.00,3,1145,8132,9277,1,1666.00,7,6004,3349.00,14136.00
1/15-1/21,2021,3,3020,7,7879,5,1820.00,4239.00,6059.00,8,2965,12371,15336,8,4840.00,15,10844,9079.00,23215.00
1/22-1/28,2021,2,2442,9,10321,2,1185.00,2376.00,3561.00,10,4150,14747,18897,4,3627.00,19,14471,6003.00,29218.00
1/29 - 2/4,2021,2,2727,11,13048,4,1245.00,6506.00,7751.00,14,5395,21253,26648,6,3972.00,25,18443,10478.00,39696.00
2/5-2/11,2021,1,1650,12,14698,1,265.00,990.00,1255.00,15,5660,22243,27903,2,1915.00,27,20358,2905.00,42601.00
2/12-2/18,2021,0,0,12,14698,3,810.00,1717.00,2527.00,18,6470,23960,30430,3,810.00,30,21168,2527.00,45128.00
2/19-2/25,2021,1,581,13,15279,3,2075.00,4292.00,6367.00,21,8545,28252,36797,4,2656.00,34,23824,6948.00,52076.00
2/26-3/4,2021,2,2460,15,17739,4,2695.00,8101.00,10796.00,25,11240,36353,47593,6,5155.00,40,28979,13256.00,65332.00
3/5-3/11,2021,9,11347,24,29086,9,4385.00,9746.00,14131.00,34,15625,46099,61724,18,15732.00,58,44711,25478.00,90810.00
3/12-3/18,2021,13,16774,37,45860,10,5330.00,17681.00,23011.00,44,20955,63780,84735,23,22104.00,81,66815,39785.00,130595.00
3/19-3/25,2021,17,26264,54,72124,11,5360.00,15292.00,20652.00,55,26315,79072,105387,28,31624.00,109,98439,46916.00,177511.00
3/26-4/1,2021,17,22478,71,94602,10,5390.00,13873.00,19263.00,65,31705,92945,124650,27,27868.00,136,126307,41741.00,219252.00
4/2-4/8,2021,41,54912,112,149514,30,14559.00,43709.00,58268.00,95,46264,136654,182918,71,69471.00,207,195778,113180.00,332432.00
4/9-4/15,2021,38,50187,150,199701,33,22082.00,34895.00,56977.00,128,68346,171549,239895,71,72269.00,278,268047,107164.00,439596.00
4/16-4/22,2021,45,61961,195,261662,20,7805.00,24789.00,32594.00,148,76151,196338,272489,65,69766.00,343,337813,94555.00,534151.00