,City,ServiceId,ServiceSize,ServicePrice
0,Pembroke,318513,0.13,89.0
1,Fairhaven,310487,0.5,100.0
2,Fairhaven,320007,0.48,108.0
3,Abington,312494,0.28,78.0
4,Westport,316453,0.65,119.0
5,Randolph,299191,0.35,85.0
6,Attleboro,306254,0.25,75.0
7,Attleboro,351167,0.29,79.0
8,Plymouth,348979,0.82,130.0
9,Holbrook,424665,0.45,95.0
10,Wareham,343468,1.5,100.0
11,Duxbury,311346,0.82,118.0
12,Norwell,310882,1.15,133.0
13,Duxbury,314370,0.42,92.0
14,Duxbury,325606,0.45,100.0
15,Duxbury,342237,0.18,73.0
16,Stoughton,308399,0.54,102.0
17,Dartmouth,356700,0.57,115.0
18,Marshfield,385156,7.5,500.0
19,Duxbury,303654,0.4,90.0
20,Marshfield,314211,0.36,86.0
21,Marshfield,344562,0.32,82.0
22,Stoughton,308400,0.54,102.0
23,Plymouth,350775,0.45,95.0
24,Marshfield,305885,0.13,50.0
25,Dartmouth,356702,0.57,115.0
26,Braintree,353953,0.11,65.0
27,Westport,343767,0.5,135.0
28,Hanson,351938,0.22,79.0
29,Hanson,351953,0.18,73.0
30,Duxbury,303643,2.9,105.0
31,Marion,305120,0.49,91.0
32,Weymouth,363057,0.17,72.0
33,Kingston,311518,0.75,115.0
34,Norwell,313773,0.92,122.0
35,South Weymouth,306341,0.23,73.0
36,Randolph,343558,0.2,80.0
37,Randolph,369729,0.2,60.0
38,Dartmouth,356701,0.57,115.0
39,Norwell,313210,0.75,115.0
40,Pembroke,347796,1.0,135.0
41,Brockton,371313,0.12,65.0
42,Taunton,358472,0.2,76.0
43,Westport,343766,0.5,135.0
44,Middleboro,306898,2.7,155.0
45,Middleboro,306913,0.6,145.0
46,Weymouth,346135,0.23,80.0
47,North Easton,314852,0.97,124.0
48,Stoughton,308398,0.54,102.0
49,Hanson,351939,0.22,79.0
50,Hanson,351954,0.18,73.0
51,Sharon,315649,0.25,70.0
52,Sharon,312024,0.75,108.0
53,Norwell,313906,0.93,122.0
54,Marshfield,306400,0.38,88.0
55,Norwell,313558,1.0,125.0
56,Duxbury,353897,0.27,85.0
57,Marshfield,306705,0.35,85.0
58,Fairhaven,310488,0.5,100.0
59,Abington,312108,0.4,90.0
60,Westport,305091,1.18,134.0
61,South Dartmouth,299163,1.0,125.0
62,North Easton,307495,0.8,117.0
63,Attleboro,365586,0.39,98.0
64,Sharon,313294,0.15,63.0
65,Wareham,343467,1.5,100.0
66,Stoughton,301234,0.26,76.0
67,Raynham,306415,0.35,85.0
68,Abington,312495,0.28,78.0
69,Holbrook,305107,0.33,83.0
70,Whitman,428766,0.4,90.0
71,Norwell,310883,1.15,133.0
72,Raynham,306980,0.6,106.0
73,Rockland,312210,0.17,65.0
74,South Dartmouth,299164,1.0,125.0
75,Wareham,343469,1.5,100.0
76,Weston,308453,0.88,120.0
77,Wellesley Hills,385316,0.16,70.0
78,Weston,372782,1.0,55.0
79,Natick,325307,0.1,63.0
80,Wellesley Hills,345873,0.65,120.0
81,Natick,296639,1.88,169.0
82,Weston,368763,0.25,90.0
83,Dover,315230,0.5,110.0
84,Weston,372783,1.0,55.0
85,Weston,343505,0.0,75.0
86,Weston,296844,0.76,115.0
87,Wellesley,309373,0.3,80.0
88,Natick,299017,0.3,80.0
89,Weston,303995,0.4,90.0
90,Natick,348248,0.68,120.0
91,Wellesley,352627,0.39,98.0
92,Natick,368328,0.59,116.0
93,Weston,368969,0.85,119.0
94,Natick,312988,0.15,63.0
95,Weston,365792,1.2,150.0
96,Weston,296775,3.1,200.0
97,Weston,296777,3.1,200.0
98,Natick,296641,1.88,169.0
99,Natick,357942,0.16,70.0
100,Natick,314621,0.47,97.0
101,Wellesley,310159,0.2,69.0
102,Wellesley Hills,304291,0.39,89.0
103,Wellesley,305006,0.22,75.0
104,Wellesley Hills,312729,0.48,98.0
105,Wellesley,324293,0.14,65.0
106,Weston,296774,3.1,200.0
107,Wellesley Hills,319930,0.35,94.0
108,Weston,310016,1.1,125.0
109,Natick,350501,0.318,90.0
110,Weston,302337,0.74,135.0
111,Weston,372784,1.0,55.0
112,Wellesley,367371,0.59,120.0
113,Weston,360861,0.8,95.0
114,Natick,360323,0.45,105.0
115,Natick,347227,0.22,79.0
116,Natick,302352,1.64,110.0
117,Natick,329524,0.25,75.0
118,Natick,310031,0.21,70.0
119,Weston,308454,0.88,120.0
120,Natick,311643,0.75,75.0
121,Natick,312987,0.15,63.0
122,Natick,315061,0.25,83.0
123,Natick,315327,0.23,73.0
124,Weston,302715,0.75,115.0
125,Weston,363490,0.73,111.0
126,Weston,308452,0.88,120.0
127,Weston,343525,0.0,75.0
128,Natick,352913,0.25,83.0
129,Natick,301206,0.19,68.0
130,Weston,312787,0.5,100.0
131,Natick,316904,0.37,87.0
132,Weston,305930,1.3,140.0
133,Natick,323027,0.25,83.0
134,Natick,317574,0.24,82.0
135,Natick,313354,0.13,60.0
136,Natick,311930,0.25,90.0
137,Natick,314622,0.47,97.0
138,Weston,302073,1.0,145.0
139,Natick,317517,0.13,66.0
140,Wellesley,302442,0.42,105.0
141,Natick,296640,1.88,169.0
142,Weston,372785,1.0,55.0
143,Weston,296776,3.1,200.0
144,Weston,428763,0.0,100.0
145,Weston,296845,0.76,115.0
146,Wellesley,428284,0.3,80.0
147,South Dennis,290514,11.0,121.0
148,South Dennis,292859,11.0,121.0
149,South Dennis,363891,11.0,121.0
150,Boston,341186,1.0,0.0
151,Boston,341185,1.0,0.0
152,Waltham,299223,0.13,60.0
153,Waban,424876,0.15,63.0
154,Wellesley Hills,428563,0.0,50.0
155,Wellesley,372852,1.0,70.0
156,Wellesley Hills,355709,0.42,101.0
157,Needham,345322,0.25,85.0
158,Wellesley,350969,0.5,110.0
159,Needham,314122,0.75,113.0
160,Wellesley Hills,303719,0.25,62.0
161,Wellesley,306689,0.62,107.0
162,Wellesley Hills,360502,0.27,85.0
163,Wellesley,304475,0.98,124.0
164,Needham,425085,1.0,85.0
165,Wellesley Hills,428564,0.0,50.0
166,Wellesley,372853,1.0,70.0
167,Wellesley Hills,311303,0.33,83.0
168,Wellesley,297256,0.5,100.0
169,Needham,301262,1.0,125.0
170,West Newton,319272,0.23,81.0
171,Newton,355437,0.16,70.0
172,Needham,310910,1.0,125.0
173,Needham,325997,0.26,85.0
174,Needham,325524,0.18,70.0
175,Needham,364988,0.12,65.0
176,Wellesley Hills,303720,0.25,62.0
177,Wayland,310246,0.28,78.0
178,Chestnut Hill,359440,0.1,60.0
179,Needham Heights,326198,0.11,60.0
180,Needham,310909,1.0,125.0
181,Newton,355958,0.12,65.0
182,Needham,428226,1.4,160.0
183,Wellesley Hills,428565,0.0,50.0
184,Needham,309985,0.25,75.0
185,Wellesley,372854,1.0,70.0
186,Watertown,325147,0.1,63.0
187,Chestnut Hill,321796,0.39,98.0
188,Brookline,355912,0.14,68.0
189,Newton,350472,0.04,60.0
190,Newton Center,318829,0.15,75.0
191,Chestnut Hill,349024,1.3,157.0
192,Chestnut Hill,349039,1.3,100.0
193,Newton,362719,0.16,70.0
194,Needham,315076,0.21,70.0
195,Needham,310975,0.2,69.0
196,Needham,313115,0.15,63.0
197,Needham,370899,0.59,90.0
198,Wellesley Hills,310270,0.18,66.0
199,Wellesley,349437,0.2,75.0
200,Needham,309140,0.25,75.0
201,Wellesley Hills,316964,0.17,65.0
202,Newton,312404,0.25,75.0
203,Newton,311601,0.4,90.0
204,Newton,302103,0.21,85.0
205,Needham,428674,1.5,100.0
206,West Newton,356849,0.28,86.0
207,Waltham,315730,0.34,65.0
208,Wellesley Hills,428764,0.2,75.0
209,Jamaica Plain,309569,0.17,65.0
210,Wellesley Hills,301917,0.25,75.0
211,Brookline,428765,0.13,60.0
212,Wellesley Hills,428566,0.0,50.0
213,Wellesley,372855,1.0,70.0
214,Needham,304432,1.12,131.0
215,Wellesley,297257,0.5,100.0
216,Wellfleet,371274,0.43,102.0
217,Wellfleet,424985,0.2,76.0
218,Eastham,308691,0.4,90.0
219,Truro,372765,0.34,93.0
220,Eastham,326893,0.3,88.0
221,Wellfleet,370770,0.75,83.0
222,East Orleans,329079,0.43,60.0
223,Orleans,360355,0.8,129.0
224,Eastham,361855,0.36,95.0
225,Wellfleet,363535,0.45,105.0
226,Orleans,428285,1.5,140.0
227,Eastham,308333,0.35,85.0
228,Orleans,361314,0.39,89.0
229,Walpole,352554,0.6,120.0
230,Walpole,353350,0.6,120.0
231,Franklin,299278,0.3,80.0
232,Westwood,301288,0.56,104.0
233,Westwood,428403,0.83,118.0
234,Bellingham,307455,0.69,111.0
235,Walpole,352168,0.6,120.0
236,Westwood,304364,0.75,115.0
237,Hopkinton,304092,1.46,160.0
238,Westwood,311489,0.49,99.0
239,Dedham,370010,0.82,118.0
240,Ashland,314942,0.59,105.0
241,Barrington,370057,0.39,98.0
242,Hopkinton,347203,0.41,100.0
243,Hopkinton,361098,0.82,130.0
244,Bellingham,307456,0.69,111.0
245,Hopkinton,304991,0.8,117.0
246,Hopkinton,305064,0.71,113.0
247,Holliston,313804,1.3,140.0
248,Barrington,358159,0.35,80.0
249,Walpole,359859,0.24,82.0
250,Ashland,348822,0.18,75.0
251,Hopkinton,321206,0.5,110.0
252,Westwood,298055,0.65,109.0
253,Barrington,364839,0.12,65.0
254,Westwood,356143,0.2,63.0
255,Dedham,347258,0.27,85.0
256,Hopkinton,305063,0.71,113.0
257,Dedham,304305,1.42,146.0
258,Dedham,304306,1.42,146.0
259,Hopkinton,321205,0.5,110.0
260,Dedham,303374,0.25,75.0
261,Dedham,357034,0.96,135.0
262,Dover,303388,0.44,94.0
263,Little Compton,349503,0.3,93.0
264,Little Compton,359985,0.12,65.0
265,Walpole,350676,0.12,65.0
266,Westwood,301191,0.3,80.0
267,Westwood,342586,0.3,90.0
268,Norwood,367165,0.1,60.0
269,Holliston,350275,1.7,177.0
270,Hopkinton,316039,0.63,108.0
271,Ashland,318844,0.16,70.0
272,Dedham,426438,0.6269,75.0
273,Holliston,304069,1.87,145.0
274,Dover,343296,1.14,130.0
275,Westwood,311490,0.49,99.0
276,Hopkinton,385289,0.0,50.0
277,Holliston,353881,0.22,79.0
278,Westwood,366183,0.65,129.0
279,Westwood,309117,0.85,119.0
280,Medfield,312714,0.41,91.0
281,Ashland,314941,0.59,105.0
282,Westwood,308624,1.1,130.0
283,Holliston,308599,1.2,105.0
284,Hopkinton,304990,0.8,117.0
285,Hopkinton,428645,0.62,60.0
286,Westwood,428613,0.57,65.0
287,Holliston,313803,1.3,140.0
288,Holliston,366757,1.3,35.0
289,Walpole,358047,0.48,108.0
290,Warwick,358774,0.48,115.0
291,East Greenwich,353937,0.45,105.0
292,Westwood,369252,0.41,75.0
293,Walpole,314094,0.53,102.0
294,Westwood,300956,0.68,111.0
295,Scituate,370488,0.0,0.0
296,Norwell,299292,0.29,79.0
297,Cohasset,428404,1.36,143.0
298,Scituate,307226,0.6,106.0
299,Norwell,352047,0.34,84.0
300,Hingham,305548,0.44,94.0
301,Hingham,354218,0.45,105.0
302,Cohasset,343138,1.0,75.0
303,Cohasset,428398,0.68,111.0
304,Cohasset,303317,1.7,160.0
305,Cohasset,307243,0.38,88.0
306,Scituate,370907,0.68,45.0
307,Hingham,301000,0.57,104.0
308,Hingham,341480,0.2,110.0
309,Norwell,343651,0.55,113.0
310,Cohasset,369828,0.41,100.0
311,Scituate,350040,0.73,126.0
312,Cohasset,343219,1.0,50.0
313,Hingham,371771,0.56,25.0
314,Hingham,428755,0.56,80.0
315,Scituate,350041,0.73,126.0
316,Cohasset,307244,0.38,88.0
317,Norwell,347733,0.55,113.0
318,Weymouth,366852,0.07,58.0
319,Hingham,313438,0.82,114.0
320,Cohasset,371898,0.42,90.0
321,Hingham,314327,0.45,95.0
322,Cohasset,353584,0.22,79.0
323,Cohasset,304824,0.95,100.0
324,Cohasset,312123,0.17,65.0
325,Cohasset,369829,0.41,100.0
326,Hingham,344646,0.57,104.0
327,Cohasset,306834,1.61,156.0
328,Cohasset,369928,1.0,100.0
329,Hingham,297713,0.6,106.0
330,Hingham,367789,1.5,50.0
331,Scituate,320526,0.87,130.0
332,Scituate,347972,1.2,140.0
333,Hingham,309865,0.39,89.0
334,Hingham,307303,0.21,70.0
335,Hingham,343267,0.6,50.0
336,Scituate,303590,1.52,151.0
337,Hingham,309244,0.8,117.0
338,Scituate,352289,0.65,120.0
339,Scituate,352304,0.65,75.0
340,Scituate,357939,0.32,91.0
341,Hingham,307097,0.57,104.0
342,Hingham,305136,0.28,78.0
343,Hingham,305223,0.32,82.0
344,Hingham,305382,0.4,90.0
345,Scituate,323860,1.0,125.0
346,Hingham,306298,0.32,82.0
347,Scituate,306579,0.34,84.0
348,Scituate,343449,1.0,75.0
349,Hingham,309243,0.8,117.0
350,Hingham,311755,0.52,101.0
351,Hingham,312305,0.4,90.0
352,Hingham,310342,1.5,150.0
353,Hingham,310868,0.59,105.0
354,Scituate,302515,1.15,85.0
355,Hingham,304739,0.95,123.0
356,Cohasset,313263,0.85,119.0
357,Scituate,428609,0.25,75.0
358,Cohasset,303289,1.7,160.0
359,Scituate,370908,0.68,45.0
360,Hingham,305397,0.44,94.0
361,Cohasset,304708,0.84,114.0
362,Hingham,301001,0.57,104.0
363,East Weymouth,299103,0.31,85.0
364,Milton,307681,1.0,125.0
365,Hingham,296895,0.58,105.0
366,Quincy,299148,0.21,70.0
367,Hingham,306429,0.39,89.0
368,East Weymouth,299102,0.31,85.0
369,Hingham,311316,0.22,69.0
370,East Weymouth,330397,0.2,73.0
371,Dedham,366265,0.09,60.0
372,Hingham,347134,0.41,100.0
373,Hingham,347135,0.41,100.0
374,Hingham,354820,0.25,83.0
375,Hingham,306608,0.49,99.0
376,East Weymouth,361155,0.18,66.0
377,Hingham,309879,0.9,121.0
378,Hingham,304629,0.45,95.0
379,Hingham,357434,0.41,100.0
380,Hingham,357049,0.09,65.0
381,Weymouth,344539,0.16,70.0
382,Hingham,341955,0.39,98.0
383,Hingham,341956,0.39,98.0
384,Milton,307683,1.0,125.0
385,Hingham,312534,0.55,103.0
386,Hingham,362617,0.41,95.0
387,Hingham,306563,0.32,82.0
388,Quincy,312453,0.15,63.0
389,West Roxbury,313920,0.13,60.0
390,East Weymouth,299104,0.31,85.0
391,Braintree,313309,0.27,77.0
392,W.Roxbury,328876,0.1,50.0
393,Hingham,306283,1.12,131.0
394,Quincy,342223,0.05,60.0
395,Braintree,353274,0.16,70.0
396,Hingham,351310,0.43,93.0
397,Hingham,357654,0.4,100.0
398,Milton,354049,0.64,120.0
399,Hingham,302271,0.75,115.0
400,Milton,307680,1.0,125.0
401,Hingham,309665,0.39,89.0
402,Quincy,299147,0.21,70.0
403,Hingham,352850,0.5,110.0
404,Hingham,313587,0.2,69.0
405,Hingham,367372,0.3,90.0
406,Hingham,309176,0.19,68.0
407,Hingham,347136,0.41,100.0
408,Hingham,304659,0.25,75.0
409,Hingham,305476,0.26,76.0
410,Hingham,305412,0.35,85.0
411,Hingham,313143,0.22,71.0
412,Quincy,305871,0.22,71.0
413,Hingham,308707,1.26,138.0
414,Hingham,309880,0.9,121.0
415,Hingham,309783,0.46,120.0
416,Hingham,311419,0.9,96.0
417,Hingham,308706,1.26,138.0
418,Quincy,312454,0.15,63.0
419,West Roxbury,349389,0.13,60.0
420,Quincy,299149,0.21,70.0
421,Milton,307682,1.0,125.0
422,Framingham,351585,0.34,93.0
423,Framingham,351586,0.34,93.0
424,Wayland,299264,1.2,135.0
425,Weston,425437,0.0,65.0
426,Wayland,305490,0.26,76.0
427,Weston,372754,1.0,60.0
428,Weston,428555,1.0,75.0
429,Weston,370998,0.75,115.0
430,Sudbury,424660,0.4,100.0
431,Weston,425438,0.0,65.0
432,Wayland,308019,0.79,105.0
433,Weston,372755,1.0,60.0
434,Weston,428556,1.0,75.0
435,Wayland,308020,0.79,105.0
436,Framingham,311548,0.3,80.0
437,Sudbury,309092,0.65,100.0
438,Framingham,351587,0.34,93.0
439,Wayland,310504,0.9,93.0
440,Wayland,323927,0.23,81.0
441,Wayland,323928,0.23,81.0
442,Framingham,308784,0.6,106.0
443,Wayland,346908,0.4,99.0
444,Weston,425439,0.0,65.0
445,Wayland,428229,0.45,105.0
446,Natick,347797,0.1,60.0
447,Framingham,345307,0.1,65.0
448,Framingham,312080,0.1,56.0
449,Framingham,364777,0.68,122.0
450,Natick,362082,0.13,66.0
451,Framingham,351584,0.34,93.0
452,Framingham,345602,0.15,70.0
453,Framingham,301039,0.27,77.0
454,Natick,350026,0.16,70.0
455,Natick,326252,0.28,86.0
456,Framingham,308783,0.6,106.0
457,Framingham,307288,0.19,68.0
458,Framingham,310419,0.37,87.0
459,Framingham,353746,0.32,91.0
460,Weston,372756,1.0,60.0
461,Weston,428557,1.0,75.0
462,Tewskbury,313889,0.18,65.0
463,Wayland,297533,0.21,70.0
464,Wayland,361329,0.34,93.0
465,Wayland,349634,0.59,116.0
466,Sudbury,302500,1.0,125.0
467,Wayland,302700,0.47,95.0
468,Sudbury,309091,0.65,100.0
469,Weston,350548,0.94,135.0
470,Natick,349055,0.09,65.0
471,Wayland,428299,0.58,115.0
472,Natick,312344,0.1,56.0
473,Natick,312320,0.1,56.0
474,Wayland,362311,0.45,105.0
475,Wayland,317685,0.5,100.0
476,Wayland,354294,1.05,128.0
477,Wayland,301703,0.41,105.0
478,Sudbury,301502,0.64,115.0
479,Wayland,305179,0.3,30.0
480,Wayland,308054,0.41,91.0
481,Wayland,308947,0.68,111.0
482,Framingham,313861,0.65,109.0
483,Wayland,302457,0.75,90.0
484,Wayland,428432,0.42,40.0
485,Wayland,363329,0.5,75.0
486,Weston,352709,0.8,129.0
487,Weston,347151,1.05,129.0
488,Weston,425440,0.0,65.0
489,Wayland,298189,0.45,95.0
490,Sudbury,369381,1.32,156.0
491,Wayland,310505,0.9,93.0
492,Framingham,311547,0.3,80.0
493,Wayland,305491,0.26,76.0
494,Sudbury,303072,0.63,108.0
495,Weston,372757,1.0,60.0
496,Weston,428558,1.0,75.0
497,Harwich,297972,0.45,95.0
498,Harwich,297973,0.45,95.0
499,Harwich,297974,0.45,95.0
500,Harwich,297975,0.45,95.0
501,Harwich,297976,0.45,95.0
502,Harwich,297977,0.45,95.0
503,Harwich,297978,0.45,95.0
504,Harwich,297979,0.45,95.0
505,West Barnstable,321616,0.22,80.0
506,Harwich,393473,0.15,70.0
507,East Falmouth,299040,0.8,90.0
508,West Yarmouth,328257,1.0,135.0
509,Harwich,297980,0.45,95.0
510,North Falmouth,362130,0.2,73.0
511,Yarmouth Port,424677,0.32,82.0
512,North Falmouth,362155,0.19,72.0
513,West Harwich,347272,0.16,70.0
514,Falmouth,353657,0.2,76.0
515,Harwich Port,316535,0.3,80.0
516,Mashpee,305324,0.38,73.0
517,Harwich,350361,0.41,100.0
518,Dennis,321278,0.28,82.0
519,Dennis,365726,0.25,83.0
520,Yarmouth,360232,0.41,100.0
521,Harwichport,315591,0.4,90.0
522,Barnstable,343328,0.4,92.0
523,Cotuit,319053,1.0,197.0
524,Mashpee,308864,0.2,69.0
525,South Yarmouth,341938,0.1,65.0
526,Ashland,304641,0.54,102.0
527,Ashland,304642,0.54,102.0
528,Ashland,304643,0.54,102.0
529,Sudbury,318412,0.24,74.0
530,Sudbury,349387,0.34,93.0
531,Shrewsbury,351187,0.41,100.0
532,Northborough,322964,0.55,110.0
533,West Boylston,307826,1.05,128.0
534,Northborough,304107,1.0,140.0
535,Marlborough,304780,0.12,60.0
536,Shrewsbury,348038,0.15,70.0
537,Berlin,351202,0.28,85.0
538,Northborough,313224,0.4,90.0
539,Boylston,302757,1.74,150.0
540,Southborough,309512,1.25,138.0
541,Shrewsbury,351188,0.41,100.0
542,Southborough,348732,0.8,129.0
543,West Boylston,307828,1.05,128.0
544,Southborough,322475,0.23,81.0
545,Southborough,322476,0.23,81.0
546,Sudbury,303058,0.71,80.0
547,Shrewsbury,307011,0.45,95.0
548,Northborough,304108,1.0,140.0
549,Sudbury,307771,0.9,121.0
550,Northborough,304138,0.46,75.0
551,Framingham,311362,0.5,100.0
552,Sudbury,365556,0.87,132.0
553,Sudbury,308525,0.57,104.0
554,Boylston,302758,1.74,150.0
555,Ashland,307441,0.8,117.0
556,Sudbury,321941,0.58,110.0
557,Sudbury,349723,0.32,91.0
558,Sudbury,301975,0.69,111.0
559,Sudbury,369356,0.29,87.0
560,Sudbury,302211,0.94,125.0
561,Ashland,428225,0.19,75.0
562,Marlborough,304946,0.55,103.0
563,Sudbury,322047,0.32,90.0
564,Framingham,301845,3.84,135.0
565,Framingham,310203,0.58,105.0
566,Sudbury,363332,0.47,105.0
567,Sudbury,308196,0.9,80.0
568,Ashland,304644,0.54,102.0
569,Sudbury,341335,0.94,123.0
570,Framingham,302422,10.92,650.0
571,Framingham,385250,0.29,30.0
572,Sudbury,307772,0.9,121.0
573,Framingham,301319,0.35,85.0
574,Framingham,308348,0.35,85.0
575,Ashland,304640,0.54,102.0
576,Hudson,362340,0.22,79.0
577,Marlborough,358004,0.55,113.0
578,Shrewsbury,307010,0.45,95.0
579,Marlborough,363521,0.43,100.0
580,Northborough,304137,0.46,75.0
581,Marlborough,347058,0.42,92.0
582,Douglas,311155,1.1,130.0
583,Sudbury,313519,0.5,100.0
584,Sudbury,428675,0.44,85.0
585,Sudbury,428659,0.68,80.0
586,Sudbury,428657,0.59,105.0
587,West Boylston,307827,1.05,128.0
588,Sudbury,308197,0.9,80.0
589,Sudbury,372552,0.66,110.0
590,Andover,299235,0.62,108.0
591,Newburyport,299306,0.34,84.0
592,Wayland,307109,1.3,140.0
593,Bedford,299251,0.27,77.0
594,Andover,352880,1.0,135.0
595,North Easton,315214,0.5,75.0
596,Bedford,393497,0.27,86.0
597,Concord,349443,0.41,85.0
598,West Newbury,318441,0.27,85.0
599,North Easton,315213,0.5,75.0
600,Andover,299236,0.62,108.0
601,Georgetown,351762,0.27,85.0
602,Billerica,393487,0.23,80.0
603,Bedford,306661,0.85,110.0
604,Westford,300940,0.37,87.0
605,Westford,319127,0.73,125.0
606,Bedford,305778,0.74,120.0
607,Westford,312358,0.43,93.0
608,Bedford,425529,1.5,100.0
609,Georgetown,351763,0.27,85.0
610,N. Andover,309624,0.55,103.0
611,Westford,302530,0.59,125.0
612,Merrimac,321672,1.1,135.0
613,Westford,300942,0.37,87.0
614,Chelmsford,307333,0.63,108.0
615,Concord,367389,0.68,122.0
616,Westford,319128,0.73,125.0
617,Bedford,367633,0.57,115.0
618,Westford,312359,0.43,93.0
619,Andover,328896,0.25,85.0
620,Westford,303275,0.4,90.0
621,Newburyport,358934,0.2,76.0
622,Concord,298315,1.3,140.0
623,Westford,302528,0.59,125.0
624,Lexington,367658,0.33,92.0
625,Bedford,342480,0.41,100.0
626,Lexington,354433,0.3,85.0
627,Billerica,354937,0.48,108.0
628,Carlisle,346677,0.8,129.0
629,Chelmsford,353704,0.45,105.0
630,Newburyport,358933,0.2,76.0
631,Groveland,316439,1.2,135.0
632,Wayland,307110,1.3,140.0
633,Carlisle,348851,0.68,122.0
634,Georgetown,351761,0.27,85.0
635,Merrimac,321671,1.1,135.0
636,Westford,297905,0.8,117.0
637,North Reading,305578,0.49,99.0
638,Amesbury,348716,0.27,85.0
639,Newburyport,362923,0.13,66.0
640,Andover,367373,0.31,90.0
641,Georgetown,308069,0.67,110.0
642,West Newbury,352080,0.64,120.0
643,Andover,356895,1.6,171.0
644,Reading,310555,1.4,145.0
645,Concord,302957,1.12,131.0
646,Concord,385154,1.0,75.0
647,Dartmouth,364760,0.34,92.0
648,N. Andover,309623,0.55,103.0
649,Concord,311033,0.8,117.0
650,Andover,385300,0.23,73.0
651,Andover,328895,0.25,85.0
652,Billerica,428656,0.54,102.0
653,Bedford,343158,0.0,85.0
654,Bedford,428676,0.51,101.0
655,Carlisle,428608,1.5,150.0
656,North Reading,428614,0.32,82.0
657,Reading,307347,0.3,80.0
658,Chelmsford,307332,0.63,108.0
659,Bedford,307426,0.5,100.0
660,Reading,311862,0.44,94.0
661,Concord,298316,1.3,140.0
662,Westford,300941,0.37,87.0
663,Carlisle,349440,0.68,122.0
664,Westford,302529,0.59,125.0
665,Westford,343042,0.8,117.0
666,Bedford,425530,1.5,100.0
667,Weston,425427,0.0,65.0
668,Wayland,372749,1.0,95.0
669,Weston,372724,1.0,95.0
670,Lincoln,301602,0.5,110.0
671,Weston,425428,0.0,65.0
672,Sudbury,351661,0.0,70.0
673,Bedford,321521,0.25,83.0
674,Wayland,362602,0.41,100.0
675,Acton,362272,1.3,140.0
676,Concord,308438,0.25,75.0
677,Lincoln,368470,2.0,172.0
678,Lincoln,328954,0.45,95.0
679,Wayland,367543,0.61,117.0
680,Wayland,372750,1.0,95.0
681,Lincoln,346410,0.2,70.0
682,Bedford,311473,0.44,94.0
683,Weston,372725,1.0,95.0
684,Concord,325278,0.46,105.0
685,Weston,425429,0.0,65.0
686,Concord,321810,1.0,134.0
687,Concord,321811,1.0,134.0
688,Concord,352397,0.59,116.0
689,Concord,302943,0.47,97.0
690,Concord,343125,0.0,75.0
691,Lincoln,328958,0.45,95.0
692,Sudbury,303044,0.65,109.0
693,Concord,362372,0.45,105.0
694,Bedford,315547,0.2,75.0
695,Bedford,315548,0.2,75.0
696,Sudbury,305721,2.68,209.0
697,Bedford,307970,0.46,96.0
698,Concord,369868,0.41,100.0
699,Concord,318873,0.52,110.0
700,Concord,354388,0.13,66.0
701,Concord,343381,0.23,80.0
702,Bedford,311475,0.44,94.0
703,Concord,305035,0.35,92.0
704,Weston,301660,1.25,135.0
705,Wayland,307480,0.8,117.0
706,Wayland,314239,0.7,112.0
707,Concord,295571,0.6,106.0
708,Lincoln,307955,0.5,100.0
709,Sudbury,305719,2.68,209.0
710,Concord,321468,0.7,120.0
711,Concord,286203,1.0,115.0
712,Concord,310834,0.4,90.0
713,Acton,362273,1.3,140.0
714,Wayland,357306,0.32,91.0
715,Wayland,372751,1.0,95.0
716,Weston,372726,1.0,95.0
717,Weston,306623,0.49,99.0
718,Sudbury,305309,0.37,87.0
719,Wayland,312518,1.2,135.0
720,Lincoln,328957,0.45,95.0
721,Weston,310571,0.75,100.0
722,Waltham,319648,0.34,93.0
723,Wayland,306884,1.5,150.0
724,Concord,302972,0.47,97.0
725,Concord,348777,0.08,60.0
726,Concord,308385,0.18,66.0
727,Concord,323070,0.23,80.0
728,Concord,305915,0.34,84.0
729,Weston,425430,0.0,65.0
730,Concord,317445,1.3,150.0
731,Concord,308832,1.0,125.0
732,Bedford,315284,0.63,108.0
733,Wayland,428440,1.0,90.0
734,Bedford,310231,0.21,70.0
735,Bedford,311474,0.44,94.0
736,Wayland,311048,0.75,115.0
737,Wayland,309203,1.05,128.0
738,Lincoln,328955,0.45,95.0
739,Lincoln,328956,0.45,95.0
740,Sudbury,305720,2.68,209.0
741,Weston,307214,1.45,148.0
742,Weston,343191,0.0,50.0
743,Concord,297521,1.37,125.0
744,Wayland,302256,1.0,100.0
745,Sudbury,426437,0.0,70.0
746,Wayland,372752,1.0,95.0
747,Weston,372727,1.0,95.0
748,Wayland,314240,0.7,112.0
749,Concord,308439,0.25,75.0
750,Sudbury,302559,0.25,75.0
751,Lincoln,301603,0.5,110.0
752,Weston,325218,0.55,110.0
753,Weston,325217,0.55,110.0
754,Weston,320839,0.15,70.0
755,Weston,320841,0.15,70.0
756,Weston,296793,1.4,145.0
757,Weston,329549,1.4,75.0
758,Weston,428715,0.0,75.0
759,Weston,325219,0.55,110.0
760,Lincoln,425422,0.0,55.0
761,Lincoln,425432,0.0,65.0
762,Weston,428287,0.0,60.0
763,Weston,372832,1.0,60.0
764,Weston,372842,1.0,65.0
765,Weston,372847,1.0,25.0
766,Weston,372729,1.0,75.0
767,Weston,428716,0.0,75.0
768,Weston,305705,3.37,244.0
769,Weston,325220,0.55,110.0
770,Lincoln,425423,0.0,55.0
771,Lincoln,425433,0.0,65.0
772,Weston,428288,0.0,60.0
773,Weston,296794,1.4,145.0
774,Weston,329550,1.4,75.0
775,Weston,305353,1.16,133.0
776,Weston,320840,0.15,70.0
777,Weston,372833,1.0,60.0
778,Weston,372843,1.0,65.0
779,Weston,372848,1.0,25.0
780,Weston,372730,1.0,75.0
781,Weston,428717,0.0,75.0
782,Wayland,314494,0.35,80.0
783,Weston,303769,0.61,112.0
784,Wayland,318903,1.0,125.0
785,Weston,368007,0.89,50.0
786,Weston,314254,1.0,125.0
787,Wayland,321875,0.66,120.0
788,Weston,320773,0.55,110.0
789,Lincoln,303015,1.65,159.0
790,Weston,354156,1.0,144.0
791,Weston,354157,1.0,144.0
792,Weston,309753,1.5,150.0
793,Weston,320842,0.15,70.0
794,Weston,320843,0.15,70.0
795,Lincoln,425424,0.0,55.0
796,Lincoln,425434,0.0,65.0
797,Wayland,309919,2.75,213.0
798,Weston,355991,0.39,95.0
799,Weston,306996,1.5,121.0
800,Weston,303937,1.4,145.0
801,Weston,428289,0.0,60.0
802,Wayland,304212,0.57,95.0
803,Weston,310959,1.0,125.0
804,Weston,303877,0.4,90.0
805,Weston,302484,0.92,120.0
806,Weston,329180,0.92,45.0
807,Wayland,342879,0.75,127.0
808,Wayland,309917,2.75,213.0
809,Weston,349664,0.64,120.0
810,Weston,350883,0.27,85.0
811,Weston,345728,0.68,122.0
812,Weston,305339,1.02,126.0
813,Weston,310958,1.0,125.0
814,Weston,301776,0.25,60.0
815,Weston,361242,0.75,127.0
816,Weston,303848,0.84,130.0
817,Lincoln,301717,0.5,75.0
818,Weston,310541,1.88,169.0
819,Weston,368746,5.0,75.0
820,Wayland,305592,0.64,115.0
821,Weston,303921,0.71,125.0
822,Weston,307713,0.45,90.0
823,Lincoln,313664,1.0,125.0
824,Weston,372834,1.0,60.0
825,Weston,372844,1.0,65.0
826,Weston,372849,1.0,25.0
827,Weston,372731,1.0,75.0
828,Weston,428718,0.0,75.0
829,Weston,365796,0.73,120.0
830,Weston,361243,0.75,127.0
831,Weston,346029,0.9,130.0
832,Wayland,303260,0.89,121.0
833,Weston,303951,0.39,89.0
834,Weston,303981,0.41,100.0
835,Weston,357940,0.57,115.0
836,Wayland,308820,0.48,98.0
837,Weston,301830,0.63,135.0
838,Weston,302683,1.5,150.0
839,Lincoln,303014,1.65,159.0
840,Lincoln,329500,1.65,50.0
841,Weston,309752,1.5,150.0
842,Weston,342389,1.2,105.0
843,Lincoln,307696,0.69,111.0
844,Weston,307082,0.48,98.0
845,Wayland,309918,2.75,213.0
846,Weston,303794,0.53,94.0
847,Weston,370673,0.2,76.0
848,Lincoln,342834,1.2,145.0
849,Weston,349150,0.45,40.0
850,Weston,301747,2.0,175.0
851,Weston,320828,0.4,90.0
852,Weston,308986,1.1,130.0
853,Weston,311725,1.25,150.0
854,Weston,309679,1.1,130.0
855,Weston,302684,1.5,150.0
856,Weston,313680,1.55,153.0
857,Wayland,307200,0.86,119.0
858,Weston,313695,1.05,128.0
859,Weston,343105,1.5,100.0
860,Lincoln,425425,0.0,55.0
861,Lincoln,425435,0.0,65.0
862,Weston,343480,1.0,80.0
863,Wayland,369536,1.0,138.0
864,Weston,303795,0.53,94.0
865,Weston,345346,0.48,108.0
866,Wayland,307318,0.74,114.0
867,Weston,428290,0.0,60.0
868,Weston,329551,1.4,75.0
869,Weston,303878,0.4,90.0
870,Weston,305706,3.37,244.0
871,Weston,302058,0.75,115.0
872,Weston,306928,0.53,102.0
873,Weston,302087,1.62,155.0
874,Weston,343242,3.0,175.0
875,Weston,310990,0.75,115.0
876,Weston,302412,0.75,95.0
877,Weston,302382,0.85,110.0
878,Weston,372835,1.0,60.0
879,Chestnut Hill,367617,1.0,88.0
880,Weston,372845,1.0,65.0
881,Weston,372850,1.0,25.0
882,Weston,372732,1.0,75.0
883,Weston,428719,0.0,75.0
884,Weston,308092,0.6,95.0
885,Boston,340809,5.0,0.0
886,Boston,340816,5.0,500.0
887,Boston,340805,1.0,35.0
888,Boston,364879,0.0,0.0
889,Wayland,428530,1.0,65.0
890,Weston,372837,1.0,95.0
891,Wayland,428531,1.0,65.0
892,Weston,372838,1.0,95.0
893,Wayland,428532,1.0,65.0
894,Weston,372839,1.0,95.0
895,Wayland,428533,1.0,65.0
896,Weston,372840,1.0,95.0
897,Weston,428510,14.0,154.0
898,Milton,289589,7.0,91.0
899,Milton,292695,7.0,91.0
900,Worcester,341221,3.5,50.0
901,Worcester,341230,3.5,45.0
902,Chatham,353361,0.41,100.0
903,Brewster,307170,0.75,95.0
904,West Chatham,306211,0.31,81.0
905,Chatham,311459,0.2,54.0
906,Chatham,342790,0.27,85.0
907,Chatham,355928,0.34,93.0
908,Chatham,327048,0.3,88.0
909,Brewster,306225,1.26,138.0
910,Chatham,319674,1.2,125.0
911,Chatham,305959,0.29,79.0
912,Harwich,320701,0.29,82.0
913,Chatham,343280,0.94,135.0
914,Brewster,352553,0.25,98.0
915,Chatham,361824,0.45,117.0
916,Brewster,366209,0.45,105.0
917,Chatham,366944,0.1,60.0
918,Brewster,314054,0.3,80.0
919,South Chatham,344129,0.16,70.0
920,Brewster,353760,0.29,87.0
921,Harwich,320511,0.32,85.0
922,Harwich,348671,0.27,85.0
923,North Chatham,316841,1.2,135.0
924,Natick,304510,0.86,119.0
925,Burlington,369709,0.3,88.0
926,Bridgewater,424938,0.42,100.0
927,Sudbury,296594,1.0,125.0
928,Maynard,368728,0.24,82.0
929,Sudbury,296596,1.0,125.0
930,Sudbury,296595,1.0,125.0
931,Natick,306735,1.0,125.0
932,Wayland,305504,0.28,65.0
933,Wayland,305506,0.28,65.0
934,Maynard,368729,0.24,82.0
935,Natick,306733,1.0,125.0
936,Canton,317152,0.27,85.0
937,Dover,343252,0.0,180.0
938,Natick,306734,1.0,125.0
939,Wayland,305505,0.28,65.0
940,Natick,304511,0.86,119.0
941,Oakbluffs,328580,0.5,62.0
942,Oakbluffs,328574,0.5,62.0
943,Edgartown,364363,0.5,120.0
944,Oakbluffs,328581,0.5,62.0
945,Oakbluffs,328575,0.5,62.0
946,West Tisbury,372576,0.6,140.0
947,Edgartown,364364,0.5,120.0
948,Oakbluffs,328582,0.5,62.0
949,Edgartown,364365,0.5,120.0
950,Oakbluffs,328577,0.5,62.0
951,Oakbluffs,328579,0.5,62.0
952,Oakbluffs,328576,0.5,62.0
953,Oakbluffs,328578,0.5,62.0
954,Lincoln,372327,0.0,60.0
955,Lincoln,330304,0.0,60.0
956,Lincoln,372176,0.0,55.0
957,Wayland,372331,0.0,125.0
958,Wayland,372442,0.0,130.0
959,Lincoln,372401,0.0,80.0
960,Weston,372405,0.0,45.0
961,Lincoln,372164,0.0,70.0
962,Weston,372222,1.0,65.0
963,Weston,372084,0.0,85.0
964,Wayland,372454,0.0,100.0
965,Weston,372339,0.0,55.0
966,Weston,425376,0.0,80.0
967,Weston,372108,0.0,80.0
968,Weston,372193,0.0,75.0
969,Weston,372237,0.0,120.0
970,Weston,372314,0.0,80.0
971,Weston,372130,0.0,55.0
972,Lincoln,372323,0.0,50.0
973,Lincoln,425367,0.0,70.0
974,Weston,372209,0.0,75.0
975,Lincoln,372371,0.0,55.0
976,Lincoln,372328,0.0,60.0
977,Lincoln,372095,0.0,60.0
978,Lincoln,372177,0.0,55.0
979,Wayland,372332,0.0,125.0
980,Wayland,372443,0.0,130.0
981,Lincoln,372402,0.0,80.0
982,Weston,372406,0.0,45.0
983,Lincoln,372165,0.0,70.0
984,Weston,372223,1.0,65.0
985,Weston,372085,0.0,85.0
986,Wayland,372455,0.0,100.0
987,Weston,372340,0.0,55.0
988,Weston,425377,0.0,80.0
989,Weston,372109,0.0,80.0
990,Weston,372194,0.0,75.0
991,Weston,372238,0.0,120.0
992,Weston,372315,0.0,80.0
993,Weston,372131,0.0,55.0
994,Lincoln,372324,0.0,50.0
995,Lincoln,425368,0.0,70.0
996,Weston,372210,0.0,75.0
997,Lincoln,372372,0.0,55.0
998,Lincoln,372329,0.0,60.0
999,Lincoln,372096,0.0,60.0
1000,Lincoln,372178,0.0,55.0
1001,Wayland,372333,0.0,125.0
1002,Wayland,372444,0.0,130.0
1003,Lincoln,372403,0.0,80.0
1004,Weston,372407,0.0,45.0
1005,Lincoln,372166,0.0,70.0
1006,Weston,372224,1.0,65.0
1007,Weston,372086,0.0,85.0
1008,Wayland,372456,0.0,100.0
1009,Weston,372341,0.0,55.0
1010,Weston,425378,0.0,80.0
1011,Weston,372110,0.0,80.0
1012,Weston,372195,0.0,75.0
1013,Weston,372239,0.0,120.0
1014,Weston,372316,0.0,80.0
1015,Weston,372132,0.0,55.0
1016,Lincoln,372325,0.0,50.0
1017,Lincoln,425369,0.0,70.0
1018,Weston,372211,0.0,75.0
1019,Lincoln,372373,0.0,55.0
1020,Lincoln,372330,0.0,60.0
1021,Lincoln,372097,0.0,60.0
1022,Lincoln,372179,0.0,55.0
1023,Wayland,372334,0.0,125.0
1024,Wayland,372445,0.0,130.0
1025,Lincoln,372404,0.0,80.0
1026,Weston,372408,0.0,45.0
1027,Lincoln,372167,0.0,70.0
1028,Weston,372225,1.0,65.0
1029,Weston,372087,0.0,85.0
1030,Wayland,372457,0.0,100.0
1031,Weston,372342,0.0,55.0
1032,Weston,425379,0.0,80.0
1033,Weston,372111,0.0,80.0
1034,Weston,372196,0.0,75.0
1035,Weston,372240,0.0,120.0
1036,Weston,372317,0.0,80.0
1037,Weston,372133,0.0,55.0
1038,Lincoln,372326,0.0,50.0
1039,Lincoln,425370,0.0,70.0
1040,Weston,372212,0.0,75.0
1041,Lincoln,372374,0.0,55.0
1042,Weston,372308,0.0,100.0
1043,Weston,372309,0.0,100.0
1044,Weston,372310,0.0,100.0
1045,Weston,372311,0.0,100.0
1046,Weston,372312,0.0,100.0
1047,Weston,372359,0.0,80.0
1048,Weston,372367,0.0,100.0
1049,Weston,372286,0.0,80.0
1050,Weston,372350,0.0,105.0
1051,Wellesley Hills,372463,0.0,75.0
1052,Weston,372241,0.0,210.0
1053,Weston,372076,0.0,75.0
1054,Wellesley,372189,0.0,65.0
1055,Weston,372290,0.0,50.0
1056,Weston,372233,0.0,100.0
1057,Weston,372152,0.0,70.0
1058,Weston,372245,0.0,85.0
1059,Weston,372427,0.0,85.0
1060,Weston,372228,0.0,75.0
1061,Wellesley Hills,372270,0.0,75.0
1062,Weston,372168,0.0,80.0
1063,Weston,372184,0.0,100.0
1064,Weston,372418,1.0,80.0
1065,Weston,372313,0.0,100.0
1066,Weston,372360,0.0,80.0
1067,Weston,372368,0.0,100.0
1068,Weston,372287,0.0,80.0
1069,Weston,372351,0.0,105.0
1070,Wellesley Hills,372464,0.0,75.0
1071,Weston,372242,0.0,210.0
1072,Weston,372077,0.0,75.0
1073,Wellesley,372190,0.0,65.0
1074,Weston,372291,0.0,50.0
1075,Weston,372234,0.0,100.0
1076,Weston,372153,0.0,70.0
1077,Weston,372246,0.0,85.0
1078,Weston,372428,0.0,85.0
1079,Weston,372229,0.0,75.0
1080,Wellesley Hills,372271,0.0,75.0
1081,Weston,372169,0.0,80.0
1082,Weston,372185,0.0,100.0
1083,Weston,372419,1.0,80.0
1084,Weston,372361,0.0,80.0
1085,Weston,372369,0.0,100.0
1086,Weston,372288,0.0,80.0
1087,Weston,372352,0.0,105.0
1088,Wellesley Hills,372465,0.0,75.0
1089,Weston,372243,0.0,210.0
1090,Weston,372078,0.0,75.0
1091,Wellesley,372191,0.0,65.0
1092,Weston,372292,0.0,50.0
1093,Weston,372235,0.0,100.0
1094,Weston,372154,0.0,70.0
1095,Weston,372247,0.0,85.0
1096,Weston,372429,0.0,85.0
1097,Weston,372230,0.0,75.0
1098,Wellesley Hills,372272,0.0,75.0
1099,Weston,372170,0.0,80.0
1100,Weston,372186,0.0,100.0
1101,Weston,372420,1.0,80.0
1102,Weston,372362,0.0,80.0
1103,Weston,372370,0.0,100.0
1104,Weston,372289,0.0,80.0
1105,Weston,372353,0.0,105.0
1106,Wellesley Hills,372466,0.0,75.0
1107,Weston,372244,0.0,210.0
1108,Weston,372079,0.0,75.0
1109,Wellesley,372192,0.0,65.0
1110,Weston,372293,0.0,50.0
1111,Weston,372236,0.0,100.0
1112,Weston,372155,0.0,70.0
1113,Weston,372248,0.0,85.0
1114,Weston,372430,0.0,85.0
1115,Weston,372231,0.0,75.0
1116,Wellesley Hills,372273,0.0,75.0
1117,Weston,372171,0.0,80.0
1118,Weston,372187,0.0,100.0
1119,Weston,372421,1.0,80.0
1120,Wellesley Hills,372422,0.0,75.0
1121,Weston,372393,0.0,80.0
1122,Weston,372363,0.0,70.0
1123,Wellesley Hills,372135,0.0,80.0
1124,Wellesley Hills,372319,0.0,55.0
1125,Weston,372217,0.0,60.0
1126,Weston,372148,0.0,70.0
1127,Weston,372446,0.0,75.0
1128,Wellesley Hills,372431,0.0,55.0
1129,Weston,372379,0.0,65.0
1130,Weston,372156,0.0,60.0
1131,Weston,372258,0.0,70.0
1132,Wayland,425363,1.0,50.0
1133,Wellesley Hills,372140,0.0,75.0
1134,Weston,372122,0.0,80.0
1135,Wayland,372099,0.0,65.0
1136,Weston,425372,0.0,100.0
1137,Weston,372389,0.0,100.0
1138,Wellesley Hills,372355,1.0,60.0
1139,Wellesley Hills,372423,0.0,75.0
1140,Weston,372394,0.0,80.0
1141,Weston,372364,0.0,70.0
1142,Wellesley Hills,372136,0.0,80.0
1143,Wellesley Hills,372320,0.0,55.0
1144,Weston,372218,0.0,60.0
1145,Weston,372149,0.0,70.0
1146,Weston,372447,0.0,75.0
1147,Wellesley Hills,372432,0.0,55.0
1148,Weston,372380,0.0,65.0
1149,Weston,372157,0.0,60.0
1150,Weston,372259,0.0,70.0
1151,Wayland,425364,1.0,50.0
1152,Wellesley Hills,372141,0.0,75.0
1153,Weston,372123,0.0,80.0
1154,Wayland,372100,0.0,65.0
1155,Weston,425373,0.0,100.0
1156,Weston,372390,0.0,100.0
1157,Wellesley Hills,372356,1.0,60.0
1158,Wellesley Hills,372424,0.0,75.0
1159,Weston,372395,0.0,80.0
1160,Weston,372365,0.0,70.0
1161,Wellesley Hills,372137,0.0,80.0
1162,Wellesley Hills,372321,0.0,55.0
1163,Weston,372219,0.0,60.0
1164,Weston,372150,0.0,70.0
1165,Weston,372448,0.0,75.0
1166,Wellesley Hills,372433,0.0,55.0
1167,Weston,372381,0.0,65.0
1168,Weston,372158,0.0,60.0
1169,Weston,372260,0.0,70.0
1170,Wayland,425365,1.0,50.0
1171,Wellesley Hills,372142,0.0,75.0
1172,Weston,372124,0.0,80.0
1173,Wayland,372101,0.0,65.0
1174,Weston,425374,0.0,100.0
1175,Weston,372391,0.0,100.0
1176,Wellesley Hills,372357,1.0,60.0
1177,Wellesley Hills,372425,0.0,75.0
1178,Weston,372396,0.0,80.0
1179,Weston,372366,0.0,70.0
1180,Wellesley Hills,372138,0.0,80.0
1181,Wellesley Hills,372322,0.0,55.0
1182,Weston,372220,0.0,60.0
1183,Weston,372151,0.0,70.0
1184,Weston,372449,0.0,75.0
1185,Wellesley Hills,372434,0.0,55.0
1186,Weston,372382,0.0,65.0
1187,Weston,372159,0.0,60.0
1188,Weston,372261,0.0,70.0
1189,Wayland,425366,1.0,50.0
1190,Wellesley Hills,372143,0.0,75.0
1191,Weston,372125,0.0,80.0
1192,Wayland,372102,0.0,65.0
1193,Weston,425375,0.0,100.0
1194,Weston,372392,0.0,100.0
1195,Wellesley Hills,372358,1.0,60.0
1196,Wayland,372103,0.0,85.0
1197,Wayland,372126,0.0,100.0
1198,Weston,372344,10.0,70.0
1199,Wayland,330043,0.0,50.0
1200,Weston,372088,0.0,65.0
1201,Weston,372197,0.0,45.0
1202,Wayland,372295,0.0,60.0
1203,Wayland,372144,0.0,75.0
1204,Weston,372071,0.0,225.0
1205,Weston,425354,0.0,55.0
1206,Weston,372282,0.0,75.0
1207,Wayland,425358,0.0,65.0
1208,Wayland,372384,0.0,100.0
1209,Wayland,372213,0.0,90.0
1210,Wayland,330132,0.0,55.0
1211,Wayland,372205,0.0,80.0
1212,Weston,372201,0.0,90.0
1213,Weston,372279,0.0,90.0
1214,Wayland,372104,0.0,85.0
1215,Wayland,372127,0.0,100.0
1216,Weston,372345,10.0,70.0
1217,Wayland,372439,0.0,50.0
1218,Weston,372089,0.0,65.0
1219,Weston,372198,0.0,45.0
1220,Wayland,372296,0.0,60.0
1221,Wayland,372145,0.0,75.0
1222,Weston,372072,0.0,225.0
1223,Weston,425355,0.0,55.0
1224,Weston,372283,0.0,75.0
1225,Wayland,425359,0.0,65.0
1226,Wayland,372385,0.0,100.0
1227,Wayland,372214,0.0,90.0
1228,Wayland,372092,0.0,55.0
1229,Wayland,372206,0.0,80.0
1230,Weston,372202,0.0,90.0
1231,Weston,372280,0.0,90.0
1232,Wayland,372105,0.0,85.0
1233,Wayland,372128,0.0,100.0
1234,Weston,372346,10.0,70.0
1235,Wayland,372440,0.0,50.0
1236,Weston,372090,0.0,65.0
1237,Weston,372199,0.0,45.0
1238,Wayland,372297,0.0,60.0
1239,Wayland,372146,0.0,75.0
1240,Weston,372073,0.0,225.0
1241,Weston,425356,0.0,55.0
1242,Weston,372284,0.0,75.0
1243,Wayland,425360,0.0,65.0
1244,Wayland,372386,0.0,100.0
1245,Wayland,372215,0.0,90.0
1246,Wayland,372093,0.0,55.0
1247,Wayland,372207,0.0,80.0
1248,Weston,372203,0.0,90.0
1249,Weston,372281,0.0,90.0
1250,Wayland,372106,0.0,85.0
1251,Wayland,372129,0.0,100.0
1252,Weston,372347,10.0,70.0
1253,Wayland,372441,0.0,50.0
1254,Weston,372091,0.0,65.0
1255,Weston,372200,0.0,45.0
1256,Wayland,372298,0.0,60.0
1257,Wayland,372147,0.0,75.0
1258,Weston,372074,0.0,225.0
1259,Weston,425357,0.0,55.0
1260,Weston,372285,0.0,75.0
1261,Wayland,425361,0.0,65.0
1262,Wayland,372387,0.0,100.0
1263,Wayland,372216,0.0,90.0
1264,Wayland,372094,0.0,55.0
1265,Wayland,372208,0.0,80.0
1266,Weston,372204,0.0,90.0
1267,Weston,372253,1.0,150.0
1268,Weston,372397,0.0,90.0
1269,Weston,372172,0.0,70.0
1270,Weston,372303,0.0,60.0
1271,Weston,372274,0.0,65.0
1272,Weston,372180,0.0,55.0
1273,Weston,372117,0.0,65.0
1274,Weston,372458,0.0,75.0
1275,Weston,372160,0.0,65.0
1276,Weston,372262,0.0,70.0
1277,Weston,372413,0.0,70.0
1278,Weston,372375,0.0,65.0
1279,Weston,372254,1.0,150.0
1280,Weston,372080,0.0,60.0
1281,Weston,372249,0.0,65.0
1282,Weston,372409,0.0,60.0
1283,Weston,372398,0.0,90.0
1284,Weston,372173,0.0,70.0
1285,Weston,372304,0.0,60.0
1286,Weston,372275,0.0,65.0
1287,Weston,372181,0.0,55.0
1288,Weston,372118,0.0,65.0
1289,Weston,372459,0.0,75.0
1290,Weston,372161,0.0,65.0
1291,Weston,372263,0.0,70.0
1292,Weston,372414,0.0,70.0
1293,Weston,372376,0.0,65.0
1294,Weston,372255,1.0,150.0
1295,Weston,372081,0.0,60.0
1296,Weston,372250,0.0,65.0
1297,Weston,372410,0.0,60.0
1298,Weston,372399,0.0,90.0
1299,Weston,372174,0.0,70.0
1300,Weston,372305,0.0,60.0
1301,Weston,372276,0.0,65.0
1302,Weston,372182,0.0,55.0
1303,Weston,372119,0.0,65.0
1304,Weston,372460,0.0,75.0
1305,Weston,372162,0.0,65.0
1306,Weston,372264,0.0,70.0
1307,Weston,372415,0.0,70.0
1308,Weston,372377,0.0,65.0
1309,Weston,372256,1.0,150.0
1310,Weston,372082,0.0,60.0
1311,Weston,372251,0.0,65.0
1312,Weston,372411,0.0,60.0
1313,Weston,372400,0.0,90.0
1314,Weston,372175,0.0,70.0
1315,Weston,372306,0.0,60.0
1316,Weston,372277,0.0,65.0
1317,Weston,372183,0.0,55.0
1318,Weston,372120,0.0,65.0
1319,Weston,372461,0.0,75.0
1320,Weston,372163,0.0,65.0
1321,Weston,372265,0.0,70.0
1322,Weston,372416,0.0,70.0
1323,Weston,372378,0.0,65.0
1324,Weston,372257,1.0,150.0
1325,Weston,372083,0.0,60.0
1326,Weston,372252,0.0,65.0
1327,Weston,372412,0.0,60.0
1328,Weston,372112,0.0,95.0
1329,Wayland,372435,0.0,210.0
1330,Wayland,372266,0.0,100.0
1331,Wayland,372450,0.0,95.0
1332,Weston,372299,0.0,350.0
1333,Weston,372335,0.0,75.0
1334,Weston,372113,0.0,95.0
1335,Wayland,372436,0.0,210.0
1336,Wayland,372267,0.0,100.0
1337,Wayland,372451,0.0,95.0
1338,Weston,372300,0.0,350.0
1339,Weston,372336,0.0,75.0
1340,Weston,372114,0.0,95.0
1341,Wayland,372437,0.0,210.0
1342,Wayland,372268,0.0,100.0
1343,Wayland,372452,0.0,95.0
1344,Weston,372301,0.0,350.0
1345,Weston,372337,0.0,75.0
1346,Weston,372115,0.0,95.0
1347,Wayland,372438,0.0,210.0
1348,Wayland,372269,0.0,100.0
1349,Wayland,372453,0.0,95.0
1350,Weston,372302,0.0,350.0
1351,Weston,372338,0.0,75.0
1352,West Tisbury,299418,0.99,125.0
1353,Tisbury,328592,2.0,310.0
1354,Edgartown,358548,0.09,78.0
1355,Edgartown,299784,0.65,140.0
1356,Edgartown,353728,1.5,185.0
1357,Edgartown,299787,0.65,140.0
1358,Vineyard Haven,299390,1.0,125.0
1359,West Tisbury,299419,0.99,125.0
1360,Aquinnah,368312,0.46,106.0
1361,Edgartown,352568,0.52,133.0
1362,Vineyard Haven,330673,3.92,325.0
1363,Vineyard Haven,299388,1.0,125.0
1364,Edgartown,351911,0.5,120.0
1365,Edgartown,342071,0.9,127.0
1366,Edgartown,341079,0.4,100.0
1367,West Tisbury,366701,0.76,152.0
1368,Oak Bluffs,372799,1.1,172.0
1369,Tisbury,348088,2.0,310.0
1370,West Tisbury,299420,0.99,125.0
1371,Edgartown,353730,1.5,185.0
1372,Edgartown,358549,0.09,78.0
1373,Edgartown,299785,0.65,140.0
1374,Edgartown,299786,0.65,140.0
1375,Edgartown,353729,1.5,185.0
1376,Edgartown,299788,0.65,140.0
1377,Vineyard Haven,299391,1.0,125.0
1378,Edgartown,353731,1.5,185.0
1379,Oak Bluffs,372800,1.1,172.0
1380,Edgartown,358550,0.09,78.0
1381,Edgartown,352569,0.52,133.0
1382,Vineyard Haven,330674,3.92,325.0
1383,Vineyard Haven,330675,3.92,325.0
1384,Vineyard Haven,299389,1.0,125.0
1385,West Tisbury,299422,0.99,125.0
1386,Edgartown,351912,0.5,120.0
1387,Edgartown,351913,0.5,120.0
1388,Tisbury,348090,2.0,310.0
1389,West Tisbury,299421,0.99,125.0
1390,Tisbury,348089,2.0,310.0
1391,Scituate,324506,4.0,300.0
1392,Johnston,355780,0.23,87.0
1393,Jamestown,361670,0.2,75.0
1394,Jamestown,364143,0.41,100.0
1395,Lexington,327669,0.22,71.0
1396,Lexington,327670,0.22,71.0
1397,Lexington,327671,0.22,71.0
1398,Lexington,327672,0.22,71.0
1399,Lexington,327673,0.22,71.0
1400,Lexington,327674,0.22,71.0
1401,Lexington,327675,0.22,71.0
1402,Lexington,327676,0.22,71.0
1403,Lexington,368674,0.0,0.0
1404,Lexington,327677,0.22,71.0
1405,Lexington,327678,0.22,71.0
1406,Lexington,327679,0.22,71.0
1407,Lexington,327680,0.22,71.0
1408,Lexington,327681,0.22,71.0
1409,Lexington,327682,0.22,71.0
1410,Lexington,299321,0.32,82.0
1411,Lynn,299172,1.6,155.0
1412,Arlington,372801,0.1,63.0
1413,Marblehead,347569,0.17,72.0
1414,South Hamilton,306355,0.13,60.0
1415,Machester-by-the-Sea,301173,0.48,98.0
1416,Marblehead,368060,0.1,62.0
1417,Lexington,296569,1.0,110.0
1418,Gloucester,351721,0.2,76.0
1419,Beverly,350304,1.0,135.0
1420,Medford,365383,0.09,65.0
1421,Medford,366639,0.05,65.0
1422,Lexington,311709,0.25,75.0
1423,Medford,365911,0.06,65.0
1424,Lexington,345136,0.09,65.0
1425,Manchester-by-the-sea,364346,0.45,105.0
1426,Lexington,361068,0.22,80.0
1427,Arlington,371239,0.1,62.0
1428,Lexington,353139,0.25,83.0
1429,Marblehead,372778,0.15,70.0
1430,Medford,366640,0.05,65.0
1431,Winchester,348964,0.1,60.0
1432,Wenham,316371,0.9,118.0
1433,Wenham,316372,0.9,118.0
1434,Wakefield,313541,0.12,59.0
1435,Waltham,367603,0.35,94.0
1436,Lexington,356269,0.2,76.0
1437,Wakefield,342189,0.11,60.0
1438,Wakefield,342190,0.11,60.0
1439,Wakefield,309723,0.25,75.0
1440,Marblehead,368061,0.1,62.0
1441,Marblehead,368063,0.1,62.0
1442,Marblehead,344829,0.1,62.0
1443,Lexington,364972,0.22,79.0
1444,Marblehead,342556,0.64,120.0
1445,Swampscott,355092,0.1,63.0
1446,Swampscott,355093,0.1,63.0
1447,Marblehead,347570,0.17,72.0
1448,Lexington,361284,0.09,65.0
1449,Waltham,367602,0.35,94.0
1450,Lexington,301732,0.75,105.0
1451,Lexington,347730,0.31,89.0
1452,Lexington,351748,0.29,87.0
1453,Lexington,364971,0.22,79.0
1454,Marblehead,342557,0.64,120.0
1455,Lexington,359455,0.09,61.0
1456,Lexington,313410,0.25,75.0
1457,Marblehead,368062,0.1,62.0
1458,Woburn,363283,0.2,50.0
1459,Melrose,313368,0.13,60.0
1460,Lexington,313845,0.5,100.0
1461,Lexington,350410,0.66,121.0
1462,Belmont,313338,0.37,87.0
1463,Lexington,363359,0.41,100.0
1464,Lexington,362097,0.52,111.0
1465,Lexington,348878,0.55,103.0
1466,Manchester-by-the-sea,364347,0.45,105.0
1467,Lexington,305808,0.36,86.0
1468,Lexington,354293,0.3,75.0
1469,Waltham,299827,0.41,15.0
1470,Arlington,364105,0.15,69.0
1471,Lexington,349439,0.5,110.0
1472,Lexington,355574,0.16,70.0
1473,Cambridge,372747,0.13,60.0
1474,Woburn,314313,0.15,63.0
1475,Lexington,313846,0.5,100.0
1476,Lynn,299173,1.6,155.0
1477,Marblehead,307842,0.22,71.0
1478,Lynn,326863,0.13,65.0
1479,Lexington,301956,0.75,125.0
1480,Belmont,310313,2.16,183.0
1481,Belmont,352382,0.15,69.0
1482,Belmont,309470,0.9,121.0
1483,Belmont,428595,0.26,76.0
1484,Belmont,428602,0.49,99.0
1485,Belmont,428622,0.36,86.0
1486,Waltham,354141,0.17,10.0
1487,Waltham,354142,0.17,72.0
1488,Lexington,344817,0.22,79.0
1489,Topsfield,347393,0.72,100.0
1490,Lexington,348842,0.4,90.0
1491,Winchester,302396,0.79,100.0
1492,Lexington,296570,1.0,110.0
1493,Melrose,313369,0.13,60.0
1494,Reading,311141,0.5,121.0
1495,Lexington,349392,1.0,110.0
1496,Littleton,316084,0.88,120.0
1497,Littleton,316085,0.88,120.0
1498,Littleton,316086,0.88,120.0
1499,Littleton,316087,0.88,120.0
1500,Littleton,316088,0.88,120.0
1501,Boxborough,299209,0.34,84.0
1502,Littleton,316089,0.88,120.0
1503,Boxborough,424656,0.41,100.0
1504,Bolton,368929,0.5,90.0
1505,Boxborough,299210,0.34,84.0
1506,Sudbury,424889,1.0,116.0
1507,Harvard,425244,1.0,140.0
1508,Harvard,304152,0.72,125.0
1509,Harvard,348003,0.75,125.0
1510,Sudbury,310763,0.75,115.0
1511,Lunenburg,358176,0.45,105.0
1512,Littleton,345791,0.38,95.0
1513,Sudbury,302227,0.93,100.0
1514,Ayer,354183,0.27,85.0
1515,Lunenburg,310791,0.7,112.0
1516,Sudbury,296748,0.52,101.0
1517,Westford,357938,0.1,60.0
1518,Harvard,359018,0.91,121.0
1519,Westford,311739,1.25,138.0
1520,Lunenburg,358177,0.45,105.0
1521,Acton,351099,0.34,93.0
1522,Harvard,368943,1.0,125.0
1523,Westford,347641,0.64,120.0
1524,Boxborough,313279,0.78,116.0
1525,Harvard,348004,0.75,125.0
1526,Sudbury,310764,0.75,115.0
1527,Sudbury,345258,0.3,90.0
1528,Sudbury,309258,1.4,145.0
1529,Acton,311245,1.0,125.0
1530,Acton,302858,0.71,113.0
1531,Maynard,317559,0.18,73.0
1532,Westford,305664,0.3,80.0
1533,Sudbury,296751,0.52,101.0
1534,Groton,317354,0.88,120.0
1535,Acton,308132,0.79,117.0
1536,Westford,353913,0.29,87.0
1537,Westford,311740,1.25,138.0
1538,Westford,352127,0.27,85.0
1539,Acton,315491,0.35,85.0
1540,Westford,324571,0.27,84.0
1541,Westford,317957,0.25,83.0
1542,Littleton,311615,1.0,76.0
1543,Westford,305662,0.3,80.0
1544,Westford,322154,0.27,84.0
1545,Stow,302612,0.86,120.0
1546,Westford,311657,0.55,103.0
1547,Groton,317353,0.88,120.0
1548,Harvard,315412,1.2,150.0
1549,Harvard,347551,1.0,140.0
1550,Sudbury,310144,0.91,121.0
1551,Harvard,314578,0.45,95.0
1552,Sudbury,299086,0.69,70.0
1553,Sudbury,299089,0.69,70.0
1554,Stow,309001,0.46,96.0
1555,Westford,353912,0.29,87.0
1556,Carlisle,342946,1.0,135.0
1557,Stow,351865,0.0,60.0
1558,Stow,351882,0.4,99.0
1559,Sudbury,351778,0.1,65.0
1560,Sudbury,321657,0.68,123.0
1561,Sudbury,428283,0.39,98.0
1562,Sudbury,315690,0.35,85.0
1563,Sudbury,313622,0.66,110.0
1564,Leominster,348553,0.25,83.0
1565,Sudbury,309836,1.75,163.0
1566,Sudbury,302297,0.75,100.0
1567,Sudbury,428313,0.64,120.0
1568,Sudbury,304724,0.5,134.0
1569,Boxborough,313278,0.78,116.0
1570,Stow,364586,0.8,129.0
1571,Tyngsboro,308267,0.75,115.0
1572,Maynard,312564,0.22,71.0
1573,Stow,307631,0.69,111.0
1574,Westford,351695,0.22,79.0
1575,Acton,312772,0.6,106.0
1576,Stow,311288,0.68,111.0
1577,Sudbury,320611,0.5,110.0
1578,Dunstable,350579,0.87,120.0
1579,Lancaster,313744,0.68,111.0
1580,Bolton,328099,0.55,110.0
1581,Harvard,348877,1.65,174.0
1582,Westford,344962,0.52,111.0
1583,Littleton,351517,0.13,66.0
1584,Stow,428629,0.44,90.0
1585,Harvard,368448,0.49,109.0
1586,Stow,304810,0.34,84.0
1587,Sudbury,349738,0.57,115.0
1588,Sudbury,300986,0.5,75.0
1589,Sudbury,318091,0.25,83.0
1590,Sudbury,317544,0.43,97.0
1591,Acton,313194,1.05,128.0
1592,Sudbury,309812,1.22,148.0
1593,Sudbury,311848,0.84,119.0
1594,Acton,302857,0.71,113.0
1595,Sudbury,428596,0.61,107.0
1596,Sudbury,308483,0.8,117.0
1597,Acton,308131,0.79,117.0
1598,Sudbury,357973,0.64,120.0
1599,Sudbury,299087,0.69,70.0
1600,Sudbury,299088,0.69,70.0
1601,Sudbury,343230,0.78,116.0
1602,Sudbury,296749,0.52,101.0
1603,Westford,305663,0.3,80.0
1604,Stow,302613,0.86,120.0
1605,Sudbury,296750,0.52,101.0
